년도,날짜,시간,구장,팀1,팀2,조,경기,결과,경고
1954,06.16,18:00,스타드 드 샤르밀 (제네바),브라질,멕시코,A조,A13,5:0,
1954,06.16,18:00,스타드 올랭피크 드 라 퐁테즈 (로잔),유고,프랑스,A조,A42,1:0,
1954,06.16,18:00,방크도르프슈타디온 (베른),우루과이,체코,C조,C14,2:0,
1954,06.16,18:00,하르투름 (취리히),오스트리아,스코틀랜드,C조,C23,1:0,
1954,06.17,17:50,스타드 올랭피크 드 라 퐁테즈 (로잔),스위스,이탈리아,D조,D32,2:1,
1954,06.17,18:00,방크도르프슈타디온 (베른),서독,튀르키예,B조,B32,4:1,
1954,06.17,18:00,하르투름 (취리히),헝가리,대한민국,B조,B14,9:0,
1954,06.17,18:10,장크트 야콥 경기장 (바젤),잉글랜드,벨기에,D조,D14,3:3_1:1,
1954,06.19,16:50,장크트 야콥 경기장 (바젤),우루과이,스코틀랜드,C조,C13,7:0,
1954,06.19,17:00,스타드 올랭피크 드 라 퐁테즈 (로잔),브라질,유고,A조,A14,1:1_0:0,
1954,06.19,17:00,하르투름 (취리히),오스트리아,체코,C조,C24,5:0,
1954,06.19,17:10,스타드 드 샤르밀 (제네바),프랑스,멕시코,A조,A23,3:2,
1954,06.20,16:50,장크트 야콥 경기장 (바젤),헝가리,서독,B조,B13,8:3,
1954,06.20,17:00,스타드 드 샤르밀 (제네바),튀르키예,대한민국,B조,B24,7:0,
1954,06.20,17:00,코르나레도 스타디움 (루가노),이탈리아,벨기에,D조,D24,4:1,
1954,06.20,17:10,방크도르프슈타디온 (베른),잉글랜드,스위스,D조,D13,2:0,
1954,06.23,18:00,스타드 드 샤르밀 (취리히),서독,튀르키예,Bpo,B32,7:2,
1954,06.23,18:00,장크트 야콥 경기장 (바젤),스위스,이탈리아,Dpo,D32,4:1,
1954,06.26,17:00,스타드 올랭피크 드 라 퐁테즈 (로잔),오스트리아,스위스,w57,C2D2,7:5,
1954,06.26,17:00,장크트 야콥 경기장 (바젤),우루과이,잉글랜드,w58,C1D1,4:2,
1954,06.27,17:00,방크도르프슈타디온 (베른),브라질,헝가리,w59,A1B1,2:4,
1954,06.27,17:00,스타드 드 샤르밀 (제네바),유고,서독,w60,A2B2,0:2,
1954,06.30,18:00,스타드 올랭피크 드 라 퐁테즈 (로잔),헝가리,우루과이,w61,w59w58,2:2_2:0,
1954,06.30,18:00,장크트 야콥 경기장 (바젤),서독,오스트리아,w62,w60w57,6:1,
1954,07.03,17:00,하르투름 (취리히),우루과이,오스트리아,w63,L61L62,1:3,
1954,07.04,17:00,방크도르프슈타디온 (베른),헝가리,서독,w64,w61w62,2:3,
1958,06.08,14:00,로순다 스타디온,스웨덴,멕시코,C조,C14,3:0,
1958,06.08,19:00,말뫼 스타디온,서독,아르헨티나,A조,A14,3:1,
1958,06.08,19:00,외리안스 발,북아일랜드,체코,A조,A32,1:0,
1958,06.08,19:00,이드롯스파르켄,프랑스,파라과이,B조,B14,7:3,
1958,06.08,19:00,아로스발렌,유고,스코틀랜드,B조,B23,1:1,
1958,06.08,19:00,줄리 매터 경기장,헝가리,웨일스,C조,C23,1:1,
1958,06.08,19:00,로팜 경기장,브라질,오스트리아,D조,D41,3:0,
1958,06.08,19:00,울레비,소련,잉글랜드,D조,D23,2:2,
1958,06.11,19:00,외리안스 발,아르헨티나,북아일랜드,A조,A43,3:1,
1958,06.11,19:00,올륌피아,서독,체코,A조,A12,2:2,
1958,06.11,19:00,아로스발렌,유고,프랑스,B조,B21,3:2,
1958,06.11,19:00,이드롯스파르켄,파라과이,스코틀랜드,B조,B43,3:2,
1958,06.11,19:00,로순다 스타디온,멕시코,웨일스,C조,C43,1:1,
1958,06.11,19:00,울레비,브라질,잉글랜드,D조,D43,0:0,
1958,06.11,19:00,리비네 경기장,소련,오스트리아,D조,D21,2:0,
1958,06.12,19:00,로순다 스타디온,스웨덴,헝가리,C조,C12,2:1,
1958,06.15,14:00,로순다 스타디온,스웨덴,웨일스,C조,C13,0:0,
1958,06.15,19:00,말뫼 스타디온,서독,북아일랜드,A조,A13,2:2,
1958,06.15,19:00,올륌피아,체코,아르헨티나,A조,A24,6:1,
1958,06.15,19:00,바비 애러 경기장,프랑스,스코틀랜드,B조,B13,2:1,
1958,06.15,19:00,투루마타 경기장,파라과이,유고,B조,B42,3:3,
1958,06.15,19:00,줄리 매터 경기장,헝가리,멕시코,C조,C24,4:0,
1958,06.15,19:00,리비네 경기장,잉글랜드,오스트리아,D조,D31,2:2,
1958,06.15,19:00,울레비,브라질,소련,D조,D42,2:0,
1958,06.17,19:00,말뫼 스타디온,북아일랜드,체코,Apo,A32,1:1_1:0,
1958,06.17,19:00,로순다 스타디온,웨일스,헝가리,Cpo,C32,2:1,
1958,06.17,19:00,울레비,소련,잉글랜드,Dpo,D23,1:0,
1958,06.19,19:00,이드롯스파르켄,프랑스,북아일랜드,w57,B1A2,4:0,
1958,06.19,19:00,로순다 스타디온,스웨덴,소련,w58,C1D2,2:0,
1958,06.19,19:00,울레비,브라질,웨일스,w59,D1C2,1:0,
1958,06.19,19:00,말뫼 스타디온,서독,유고,w60,A1B2,1:0,
1958,06.24,19:00,로순다 스타디온,프랑스,브라질,w61,w57w59,2:5,
1958,06.24,19:00,울레비,서독,스웨덴,w62,w60w58,1:3,
1958,06.28,17:00,울레비,프랑스,서독,w63,L61L62,6:3,
1958,06.29,15:00,로순다 스타디온,브라질,스웨덴,w64,w61w62,5:2,
1962,05.30,15:00,카를로스 디트보른 경기장 (아리카),우루과이,콜롬비아,A조,A14,2:1,
1962,05.30,15:00,에스타디오 나시오날 (산티아고),칠레,스위스,B조,B14,3:1,
1962,05.30,15:00,사우살리토 경기장 (비냐델마르),브라질,멕시코,C조,C14,2:0,
1962,05.30,15:00,엘 테니엔테 경기장 (랑카과),아르헨티나,불가리아,D조,D14,1:0,
1962,05.31,15:00,카를로스 디트보른 경기장 (아리카),소련,유고,A조,A23,2:0,
1962,05.31,15:00,에스타디오 나시오날 (산티아고),서독,이탈리아,B조,B12,0:0,
1962,05.31,15:00,사우살리토 경기장 (비냐델마르),체코,스페인,C조,C23,1:0,
1962,05.31,15:00,엘 테니엔테 경기장 (랑카과),헝가리,잉글랜드,D조,D32,2:1,
1962,06.02,15:00,카를로스 디트보른 경기장 (아리카),유고,우루과이,A조,A31,3:1,
1962,06.02,15:00,에스타디오 나시오날 (산티아고),칠레,이탈리아,B조,B13,2:0,
1962,06.02,15:00,사우살리토 경기장 (비냐델마르),브라질,체코,C조,C12,0:0,
1962,06.02,15:00,엘 테니엔테 경기장 (랑카과),잉글랜드,아르헨티나,D조,D21,3:1,
1962,06.03,15:00,카를로스 디트보른 경기장 (아리카),소련,콜롬비아,A조,A24,4:4,
1962,06.03,15:00,에스타디오 나시오날 (산티아고),서독,스위스,B조,B24,2:1,
1962,06.03,15:00,사우살리토 경기장 (비냐델마르),스페인,멕시코,C조,C34,1:0,
1962,06.03,15:00,엘 테니엔테 경기장 (랑카과),헝가리,불가리아,D조,D34,6:1,
1962,06.06,15:00,카를로스 디트보른 경기장 (아리카),소련,우루과이,A조,A21,2:1,
1962,06.06,15:00,에스타디오 나시오날 (산티아고),서독,칠레,B조,B21,2:0,
1962,06.06,15:00,사우살리토 경기장 (비냐델마르),브라질,스페인,C조,C13,2:1,
1962,06.06,15:00,엘 테니엔테 경기장 (랑카과),헝가리,아르헨티나,D조,D31,0:0,
1962,06.07,15:00,카를로스 디트보른 경기장 (아리카),유고,콜롬비아,A조,A34,5:0,
1962,06.07,15:00,에스타디오 나시오날 (산티아고),이탈리아,스위스,B조,B34,3:0,
1962,06.07,15:00,사우살리토 경기장 (비냐델마르),멕시코,체코,C조,C42,3:1,
1962,06.07,15:00,엘 테니엔테 경기장 (랑카과),잉글랜드,불가리아,D조,D24,0:0,
1962,06.10,14:30,에스타디오 카를로스 디트보른 (아리카),칠레,소련,w57,B2A1,2:1,
1962,06.10,14:30,에스타디오 엘 테니엔테 (랑카과),체코,헝가리,w58,C2D1,1:0,
1962,06.10,14:30,에스타디오 사우살리토 (비냐델마르),브라질,잉글랜드,w59,C1D2,3:1,
1962,06.10,14:30,에스타디오 나시오날 (산티아고),유고,서독,w60,A2B1,1:0,
1962,06.13,14:30,에스타디오 사우살리토 (비냐델마르),체코,유고,w61,w58w60,3:1,
1962,06.13,14:30,에스타디오 나시오날 (산티아고),브라질,칠레,w62,w59w57,4:2,
1962,06.16,14:30,에스타디오 나시오날 (산티아고),유고,칠레,w63,L61L62,0:1,
1962,06.17,14:30,에스타디오 나시오날 (산티아고),체코,브라질,w64,w61w62,1:3,
1966,07.11,19:30,웸블리 스타디움 (런던),잉글랜드,우루과이,A조,A21,0:0,
1966,07.12,19:30,힐즈브러 스타디움 (셰필드),서독,스위스,B조,B24,5:0,
1966,07.12,19:30,구디슨 파크 (리버풀),브라질,불가리아,C조,C14,2:0,
1966,07.12,19:30,에이섬 파크 (미들즈브러),소련,북한,D조,D24,3:0,
1966,07.13,19:30,웸블리 스타디움 (런던),프랑스,멕시코,A조,A34,1:1,
1966,07.13,19:30,빌라 파크 (버밍엄),아르헨티나,스페인,B조,B13,2:1,
1966,07.13,19:30,올드 트래퍼드 (맨체스터),포르투갈,헝가리,C조,C32,3:1,
1966,07.13,19:30,로커 파크 (선덜랜드),이탈리아,칠레,D조,D31,2:0,
1966,07.15,19:30,화이트 시티 경기장 (런던),우루과이,프랑스,A조,A13,2:1,
1966,07.15,19:30,힐즈브러 스타디움 (셰필드),스페인,스위스,B조,B34,2:1,
1966,07.15,19:30,구디슨 파크 (리버풀),헝가리,브라질,C조,C21,3:1,
1966,07.15,19:30,에이섬 파크 (미들즈브러),북한,칠레,D조,D41,1:1,
1966,07.16,15:00,웸블리 스타디움 (런던),잉글랜드,멕시코,A조,A24,2:0,
1966,07.16,15:00,빌라 파크 (버밍엄),서독,아르헨티나,B조,B21,0:0,
1966,07.16,15:00,올드 트래퍼드 (맨체스터),포르투갈,불가리아,C조,C34,3:0,
1966,07.16,15:00,로커 파크 (선덜랜드),소련,이탈리아,D조,D23,1:0,
1966,07.19,16:30,웸블리 스타디움 (런던),멕시코,우루과이,A조,A41,0:0,
1966,07.19,19:30,힐즈브러 스타디움 (셰필드),아르헨티나,스위스,B조,B14,2:0,
1966,07.19,19:30,구디슨 파크 (리버풀),포르투갈,브라질,C조,C31,3:1,
1966,07.19,19:30,에이섬 파크 (미들즈브러),북한,이탈리아,D조,D43,1:0,
1966,07.20,19:30,웸블리 스타디움 (런던),잉글랜드,프랑스,A조,A23,2:0,
1966,07.20,19:30,빌라 파크 (버밍엄),서독,스페인,B조,B23,2:1,
1966,07.20,19:30,올드 트래퍼드 (맨체스터),헝가리,불가리아,C조,C24,3:1,
1966,07.20,19:30,로커 파크 (선덜랜드),소련,칠레,D조,D21,2:1,
1966,07.23,15:00,구디슨 파크 (리버풀),포르투갈,북한,w57,C1D2,5:3,
1966,07.23,15:00,힐즈브러 경기장 (셰필드),서독,우루과이,w58,B1A2,4:0,
1966,07.23,15:00,로커 파크 (선덜랜드),소련,헝가리,w59,D1C2,2:1,
1966,07.23,15:00,웸블리 스타디움 (런던),잉글랜드,아르헨티나,w60,A1B2,1:0,
1966,07.25,19:30,구디슨 파크 (리버풀),서독,소련,w61,w58w59,2:1,
1966,07.26,19:30,웸블리 스타디움 (런던),잉글랜드,포르투갈,w62,w60w57,2:1,
1966,07.28,19:30,웸블리 스타디움 (런던),소련,포르투갈,w63,L61L62,1:2,
1966,07.30,15:00,웸블리 스타디움 (런던),서독,잉글랜드,w64,w61w62,2:2_0:2,
1970,05.31,12:00,에스타디오 아스테카 (멕시코시티),멕시코,소련,A조,A21,0:0,
1970,06.02,16:00,콰우테모크 경기장 (푸에블라),우루과이,이스라엘,B조,B24,2:0,
1970,06.02,16:00,할리스코 경기장 (과달라하라),잉글랜드,루마니아,C조,C14,1:0,
1970,06.02,16:00,누 캄프 경기장 (레온),페루,불가리아,D조,D23,3:2,
1970,06.03,16:00,에스타디오 아스테카 (멕시코시티),벨기에,엘살바도르,A조,A34,3:0,
1970,06.03,16:00,네메시오 디에스 경기장 (톨루카),이탈리아,스웨덴,B조,B13,1:0,
1970,06.03,16:00,할리스코 경기장 (과달라하라),브라질,체코,C조,C23,4:1,
1970,06.03,16:00,누 캄프 경기장 (레온),서독,모로코,D조,D14,2:1,
1970,06.06,16:00,에스타디오 아스테카 (멕시코시티),소련,벨기에,A조,A13,4:1,
1970,06.06,16:00,콰우데모크 경기장 (푸에블라),우루과이,이탈리아,B조,B21,0:0,
1970,06.06,16:00,할리스코 경기장 (과달라하라),루마니아,체코,C조,C43,2:1,
1970,06.06,16:00,누 캄프 경기장 (레온),페루,모로코,D조,D24,3:0,
1970,06.07,12:00,에스타디오 아스테카 (멕시코시티),멕시코,엘살바도르,A조,A24,4:0,
1970,06.07,12:00,네메시오 디에스 경기장 (톨루카),이스라엘,스웨덴,B조,B43,1:1,
1970,06.07,12:00,할리스코 경기장 (과달라하라),브라질,잉글랜드,C조,C21,1:0,
1970,06.07,12:00,누 캄프 경기장 (레온),서독,불가리아,D조,D13,5:2,
1970,06.10,16:00,에스타디오 아스테카 (멕시코시티),소련,엘살바도르,A조,A14,2:0,
1970,06.10,16:00,콰우테모크 경기장 (푸에블라),스웨덴,우루과이,B조,B32,1:0,
1970,06.10,16:00,할리스코 경기장 (과달라하라),브라질,루마니아,C조,C24,3:2,
1970,06.10,16:00,누 캄프 경기장 (레온),서독,페루,D조,D12,3:1,
1970,06.11,16:00,에스타디오 아스테카 (멕시코시티),멕시코,벨기에,A조,A23,1:0,
1970,06.11,16:00,네메시오 디에스 경기장 (톨루카),이탈리아,이스라엘,B조,B14,0:0,
1970,06.11,16:00,할리스코 경기장 (과달라하라),잉글랜드,체코,C조,C13,1:0,
1970,06.11,16:00,누 캄프 경기장 (레온),모로코,불가리아,D조,D43,1:1,
1970,06.14,12:00,누 캄프 경기장 (레온),서독,잉글랜드,w57,D1C2,2:2_1:0,
1970,06.14,12:00,할리스코 경기장 (과달라하라),브라질,페루,w58,C1D2,4:2,
1970,06.14,12:00,네메시오 디에스 경기장 (톨루카),이탈리아,멕시코,w59,B1A2,4:1,
1970,06.14,12:00,에스타디오 아스테카 (멕시코시티),우루과이,소련,w60,B2A1,0:0_1:0,
1970,06.17,16:00,할리스코 경기장 (과달라하라),브라질,우루과이,w61,w58w60,3:1,
1970,06.17,16:00,에스타디오 아스테카 (멕시코시티),이탈리아,서독,w62,w59w57,2:2_2:1,
1970,06.20,16:00,에스타디오 아스테카 (멕시코시티),우루과이,서독,w63,L61L62,0:1,
1970,06.21,12:00,에스타디오 아스테카 (멕시코시티),브라질,이탈리아,w64,w61w62,4:1,
1974,06.13,17:00,발트슈타디온 (프랑크푸르트암마인),브라질,유고,B조,B32,0:0,
1974,06.14,16:00,베를린 올림픽 경기장 (서베를린),서독,칠레,A조,A13,1:0,
1974,06.14,17:00,베스트팔렌슈타디온 (도르트문트),자이르,스코틀랜드,B조,B41,0:2,
1974,06.14,19:30,폴크스파르크슈타디온 (함부르크),동독,호주,A조,A24,2:0,
1974,06.15,16:00,니더작센슈타디온 (하노버),우루과이,네덜란드,C조,C31,0:2,
1974,06.15,16:00,라인슈타디온 (뒤셀도르프),스웨덴,불가리아,C조,C42,0:0,
1974,06.15,18:00,뮌헨 올림픽 경기장 (뮌헨),이탈리아,아이티,D조,D14,3:1,
1974,06.15,18:00,네카어슈타디온 (슈투트가르트),폴란드,아르헨티나,D조,D23,3:2,
1974,06.18,16:00,폴크스파르크슈타디온 (함부르크),호주,서독,A조,A41,0:3,
1974,06.18,16:00,베를린 올림픽 경기장 (서베를린),칠레,동독,A조,A32,1:1,
1974,06.18,19:30,파르크슈타디온 (겔젠키르헨),유고,자이르,B조,B24,9:0,
1974,06.18,19:30,발트슈타디온 (프랑크푸르트암마인),스코틀랜드,브라질,B조,B13,0:0,
1974,06.19,19:30,니더작센슈타디온 (하노버),우루과이,불가리아,C조,C32,1:1,
1974,06.19,19:30,베스트팔렌슈타디온 (도르트문트),네덜란드,스웨덴,C조,C14,0:0,
1974,06.19,19:30,네카어슈타디온 (슈투트가르트),아르헨티나,이탈리아,D조,D31,1:1,
1974,06.19,19:30,뮌헨 올림픽 경기장 (뮌헨),아이티,폴란드,D조,D42,0:7,
1974,06.22,16:00,베를린 올림픽 경기장 (서베를린),칠레,호주,A조,A34,0:0,
1974,06.22,16:00,발트슈타디온 (프랑크푸르트암마인),스코틀랜드,유고,B조,B12,1:1,
1974,06.22,16:00,파르크슈타디온 (겔젠키르헨),자이르,브라질,B조,B43,0:3,
1974,06.22,19:30,폴크스파르크슈타디온 (함부르크),동독,서독,A조,A21,1:0,
1974,06.23,16:00,베스트팔렌슈타디온 (도르트문트),네덜란드,불가리아,C조,C12,4:1,
1974,06.23,16:00,라인슈타디온 (뒤셀도르프),스웨덴,우루과이,C조,C43,3:0,
1974,06.23,16:00,뮌헨 올림픽 경기장 (뮌헨),아르헨티나,아이티,D조,D34,4:1,
1974,06.23,16:00,네카어슈타디온 (슈투트가르트),폴란드,이탈리아,D조,D21,2:1,
1974,06.26,16:00,라인슈타디온 (뒤셀도르프),유고,서독,Q조,Q21,0:2,
1974,06.26,19:30,파르크슈타디온 (겔젠키르헨),네덜란드,아르헨티나,P조,P34,4:0,
1974,06.26,19:30,니더작센슈타디온 (하노버),브라질,동독,P조,P21,1:0,
1974,06.26,19:30,네카어슈타디온 (슈투트가르트),스웨덴,폴란드,Q조,Q34,0:1,
1974,06.30,16:00,니더작센슈타디온 (하노버),아르헨티나,브라질,P조,P42,1:2,
1974,06.30,16:00,파르크슈타디온 (겔젠키르헨),동독,네덜란드,P조,P13,0:2,
1974,06.30,16:00,발트슈타디온 (프랑크푸르트암마인),폴란드,유고,Q조,Q42,2:1,
1974,06.30,19:30,라인슈타디온 (뒤셀도르프),서독,스웨덴,Q조,Q13,4:2,
1974,07.03,16:30,발트슈타디온 (프랑크푸르트암마인),폴란드,서독,Q조,Q41,0:1,
1974,07.03,19:30,파르크슈타디온 (겔젠키르헨),아르헨티나,동독,P조,P41,1:1,
1974,07.03,19:30,베스트팔렌슈타디온 (도르트문트),네덜란드,브라질,P조,P32,2:0,
1974,07.03,19:30,라인슈타디온 (뒤셀도르프),스웨덴,유고,Q조,Q32,2:1,
1974,07.06,16:00,뮌헨 올림픽 경기장 (뮌헨),브라질,폴란드,w63,P2Q2,0:1,
1974,07.07,16:00,뮌헨 올림픽 경기장 (뮌헨),네덜란드,서독,w64,P1Q1,1:2,
1978,06.01,15:00,엘 모누멘탈 (부에노스아이레스),서독,폴란드,B조,B13,0:0,
1978,06.02,13:45,에스타디오 호세 마리아 미네야 (마르델플라타),이탈리아,프랑스,A조,A24,2:1,
1978,06.02,16:45,에스타디오 히간테 데 아로이토 (로사리오),튀니지,멕시코,B조,B42,3:1,
1978,06.02,19:15,엘 모누멘탈 (부에노스아이레스),아르헨티나,헝가리,A조,A13,2:1,
1978,06.03,13:45,에스타디오 호세 아말피타니 (부에노스아이레스),오스트리아,스페인,C조,C43,2:1,
1978,06.03,13:45,에스타디오 호세 마리아 미네야 (마르델플라타),브라질,스웨덴,C조,C12,1:1,
1978,06.03,16:45,에스타디오 샤토 카레라스 (코르도바),페루,스코틀랜드,D조,D23,3:1,
1978,06.03,16:45,멘도사 경기장 (멘도사),네덜란드,이란,D조,D14,3:0,
1978,06.06,13:45,에스타디오 호세 마리아 미네야 (마르델플라타),이탈리아,헝가리,A조,A23,3:1,
1978,06.06,16:45,에스타디오 샤토 카레라스 (코르도바),서독,멕시코,B조,B12,6:0,
1978,06.06,16:45,에스타디오 히간테 데 아로이토 (로사리오),폴란드,튀니지,B조,B34,1:0,
1978,06.06,19:15,엘 모누멘탈 (부에노스아이레스),아르헨티나,프랑스,A조,A14,2:1,
1978,06.07,13:45,에스타디오 호세 아말피타니 (부에노스아이레스),오스트리아,스웨덴,C조,C42,1:0,
1978,06.07,13:45,에스타디오 호세 마리아 미네야 (마르델플라타),브라질,스페인,C조,C13,0:0,
1978,06.07,16:45,에스타디오 샤토 카레라스 (코르도바),스코틀랜드,이란,D조,D34,1:1,
1978,06.07,16:45,멘도사 경기장 (멘도사),네덜란드,페루,D조,D12,0:0,
1978,06.10,16:45,에스타디오 샤토 카레라스 (코르도바),서독,튀니지,B조,B14,0:0,
1978,06.10,16:45,에스타디오 히간테 데 아로이토 (로사리오),폴란드,멕시코,B조,B32,3:1,
1978,06.10,14:301,에스타디오 호세 마리아 미네야 (마르델플라타),프랑스,헝가리,A조,A43,3:1,
1978,06.10,19:15,엘 모누멘탈 (부에노스아이레스),아르헨티나,이탈리아,A조,A12,0:1,
1978,06.11,13:45,에스타디오 호세 아말피타니 (부에노스아이레스),스페인,스웨덴,C조,C32,1:0,
1978,06.11,13:45,에스타디오 호세 마리아 미네야 (마르델플라타),브라질,오스트리아,C조,C14,1:0,
1978,06.11,16:45,에스타디오 샤토 카레라스 (코르도바),페루,이란,D조,D24,4:1,
1978,06.11,16:45,멘도사 경기장 (멘도사),스코틀랜드,네덜란드,D조,D31,3:2,
1978,06.14,13:45,에스타디오 샤토 카레라스 (코르도바),네덜란드,오스트리아,P조,P43,5:1,
1978,06.14,13:45,엘 모누멘탈 (부에노스아이레스),서독,이탈리아,P조,P21,0:0,
1978,06.14,16:45,멘도사 경기장 (멘도사),브라질,페루,Q조,Q34,3:0,
1978,06.14,19:15,에스타디오 히간테 데 아로이토 (로사리오),아르헨티나,폴란드,Q조,Q12,2:0,
1978,06.18,13:45,멘도사 경기장 (멘도사),폴란드,페루,Q조,Q24,1:0,
1978,06.18,16:45,에스타디오 샤토 카레라스 (코르도바),서독,네덜란드,P조,P24,2:2,
1978,06.18,16:45,엘 모누멘탈 (부에노스아이레스),이탈리아,오스트리아,P조,P13,1:0,
1978,06.18,19:15,에스타디오 히간테 데 아로이토 (로사리오),아르헨티나,브라질,Q조,Q13,0:0,
1978,06.21,13:45,에스타디오 샤토 카레라스 (코르도바),오스트리아,서독,P조,P32,3:2,
1978,06.21,13:45,엘 모누멘탈 (부에노스아이레스),네덜란드,이탈리아,P조,P41,2:1,
1978,06.21,16:45,멘도사 경기장 (멘도사),브라질,폴란드,Q조,Q32,3:1,
1978,06.21,19:15,에스타디오 히간테 데 아로이토 (로사리오),아르헨티나,페루,Q조,Q14,6:0,
1978,06.24,15:00,안토니오 리베르티 기념 경기장 (부에노스아이레스),브라질,이탈리아,w63,Q2P2,2:1,
1978,06.25,15:00,엘 모누멘탈 (부에노스아이레스),네덜란드,아르헨티나,w64,P1Q1,1:1_0:2,
1982,06.13,20:00,캄 노우 (바르셀로나),아르헨티나,벨기에,C조,C13,0:1,
1982,06.14,17:15,에스타디오 데 발라이도스 (비고),이탈리아,폴란드,A조,A12,0:0,
1982,06.14,21:15,에스타디오 라몬 산체스 피스후안 (세비야),브라질,소련,F조,F12,2:1,
1982,06.15,17:15,에스타디오 데 리아소르 (라코루냐),페루,카메룬,A조,A34,0:0,
1982,06.15,21:15,누에보 에스타디오 (엘체),헝가리,엘살바도르,C조,C24,10:1,
1982,06.15,21:15,에스타디오 라 로살레다 (말라가),스코틀랜드,뉴질랜드,F조,F34,5:2,
1982,06.16,17:15,엘 몰리논 (히혼),서독,알제리,B조,B14,1:2,
1982,06.16,17:15,산 마메스 (빌바오),잉글랜드,프랑스,D조,D13,3:1,
1982,06.16,21:15,에스타디오 루이스 카사노바 (발렌시아),스페인,온두라스,E조,E14,1:1,
1982,06.17,17:15,에스타디오 카를로스 타르티에레 (오비에도),칠레,오스트리아,B조,B32,0:1,
1982,06.17,17:15,에스타디오 호세 소리야 (바야돌리드),체코,쿠웨이트,D조,D24,1:1,
1982,06.17,21:15,에스타디오 데 라 로마레다 (사라고사),유고,북아일랜드,E조,E23,0:0,
1982,06.18,17:15,에스타디오 데 발라이도스 (비고),이탈리아,페루,A조,A13,1:1,
1982,06.18,21:15,에스타디오 호세 리코 페레스 (알리칸테),아르헨티나,헝가리,C조,C12,4:1,
1982,06.18,21:15,에스타디오 베니토 비야마린 (세비야),브라질,스코틀랜드,F조,F13,4:1,
1982,06.19,17:15,에스타디오 데 리아소르 (라코루냐),폴란드,카메룬,A조,A24,0:0,
1982,06.19,21:15,누에보 에스타디오 (엘체),벨기에,엘살바도르,C조,C34,1:0,
1982,06.19,21:15,에스타디오 라 로살레다 (말라가),소련,뉴질랜드,F조,F24,3:0,
1982,06.20,17:15,엘 몰리논 (히혼),서독,칠레,B조,B13,4:1,
1982,06.20,17:15,산 마메스 (빌바오),잉글랜드,체코,D조,D12,2:0,
1982,06.20,21:15,에스타디오 루이스 카사노바 (발렌시아),스페인,유고,E조,E12,2:1,
1982,06.21,17:15,에스타디오 카를로스 타르티에레 (오비에도),알제리,오스트리아,B조,B42,0:2,
1982,06.21,17:15,에스타디오 호세 소리야 (바야돌리드),프랑스,쿠웨이트,D조,D34,4:1,
1982,06.21,21:15,에스타디오 데 라 로마레다 (사라고사),온두라스,북아일랜드,E조,E43,1:1,
1982,06.22,17:15,에스타디오 데 리아소르 (라코루냐),폴란드,페루,A조,A23,5:1,
1982,06.22,21:15,누에보 에스타디오 (엘체),벨기에,헝가리,C조,C32,1:1,
1982,06.22,21:15,에스타디오 라 로살레다 (말라가),소련,스코틀랜드,F조,F23,2:2,
1982,06.23,17:15,에스타디오 데 발라이도스 (비고),이탈리아,카메룬,A조,A14,1:1,
1982,06.23,21:15,에스타디오 호세 리코 페레스 (알리칸테),아르헨티나,엘살바도르,C조,C14,2:0,
1982,06.23,21:15,에스타디오 베니토 비야마린 (세비야),브라질,뉴질랜드,F조,F14,4:0,
1982,06.24,17:15,에스타디오 카를로스 타르티에레 (오비에도),알제리,칠레,B조,B43,3:2,
1982,06.24,17:15,에스타디오 호세 소리야 (바야돌리드),프랑스,체코,D조,D32,1:1,
1982,06.24,21:15,에스타디오 데 라 로마레다 (사라고사),온두라스,유고,E조,E42,0:1,
1982,06.25,17:15,엘 몰리논 (히혼),서독,오스트리아,B조,B12,1:0,
1982,06.25,17:15,산 마메스 (빌바오),잉글랜드,쿠웨이트,D조,D14,1:0,
1982,06.25,21:15,에스타디오 루이스 카사노바 (발렌시아),스페인,북아일랜드,E조,E13,0:1,
1982,06.28,17:15,에스타디오 비센테 칼데론 (마드리드),오스트리아,프랑스,S조,S12,0:1,
1982,06.28,21:15,캄 노우 (바르셀로나),폴란드,벨기에,P조,P12,3:0,
1982,06.29,21:15,에스타디오 산티아고 베르나베우 (마드리드),서독,잉글랜드,Q조,Q12,0:0,
1982,06.29,21:15,에스타디 데 사리아 (바르셀로나),이탈리아,아르헨티나,R조,R12,2:1,
1982,07.01,17:15,에스타디오 비센테 칼데론 (마드리드),오스트리아,북아일랜드,S조,S13,2:2,
1982,07.01,21:15,캄 노우 (바르셀로나),벨기에,소련,P조,P23,0:1,
1982,07.02,21:15,에스타디오 산티아고 베르나베우 (마드리드),서독,스페인,Q조,Q13,2:1,
1982,07.02,21:15,에스타디 데 사리아 (바르셀로나),아르헨티나,브라질,R조,R23,1:3,
1982,07.04,17:15,에스타디오 비센테 칼데론 (마드리드),북아일랜드,프랑스,S조,S32,1:4,
1982,07.04,21:15,캄 노우 (바르셀로나),폴란드,소련,P조,P13,0:0,
1982,07.05,21:15,에스타디오 산티아고 베르나베우 (마드리드),스페인,잉글랜드,Q조,Q32,0:0,
1982,07.05,21:15,에스타디 데 사리아 (바르셀로나),이탈리아,브라질,R조,R13,3:2,
1982,07.08,17:15,캄 노우 (바르셀로나),폴란드,이탈리아,w61,P1R1,0:2,
1982,07.08,17:15,에스타디오 라몬 산체스 피스후안 (세비야),서독,프랑스,w62,Q1S1,1:1_2:2_5:4,
1982,07.10,20:00,에스타디오 호세 리코 페레스 (알리칸테),폴란드,프랑스,w63,L61L62,3:2,
1982,07.11,20:00,에스타디오 산티아고 베르나베우 (마드리드),이탈리아,서독,w64,w61w62,3:1,
1986,05.31,12:00,에스타디오 아스테카 (멕시코시티),이탈리아,불가리아,A조,A14,1:1,
1986,06.01,12:00,할리스코 경기장 (과달라하라),브라질,스페인,D조,D12,1:0,
1986,06.01,16:00,누 캄프 경기장 (레온),프랑스,캐나다,C조,C13,1:0,
1986,06.02,12:00,에스타디오 올림피코 우니베르시타리오 (멕시코시티),아르헨티나,대한민국,A조,A23,3:1,
1986,06.02,12:00,이라푸아토 경기장 (이라푸아토),소련,헝가리,C조,C24,6:0,
1986,06.02,16:00,우니베르시타리오 경기장 (산니콜라스데로스가르사),폴란드,모로코,F조,F13,0:0,
1986,06.03,12:00,에스타디오 아스테카 (멕시코시티),멕시코,벨기에,B조,B14,2:1,
1986,06.03,12:00,트레스 데 마르소 경기장 (사포판),알제리,북아일랜드,D조,D34,1:1,
1986,06.03,16:00,테크놀로히코 경기장 (몬테레이),포르투갈,잉글랜드,F조,F42,1:0,
1986,06.04,12:00,네메시오 디에스 경기장 (톨루카),파라과이,이라크,B조,B23,1:0,
1986,06.04,12:00,라 코레히도라 경기장 (케레타로),서독,우루과이,E조,E12,1:1,
1986,06.04,16:00,네사 86 경기장 (네사우알코요틀),스코틀랜드,덴마크,E조,E43,0:1,
1986,06.05,12:00,콰우테모크 경기장 (푸에블라),이탈리아,아르헨티나,A조,A12,1:1,
1986,06.05,12:00,누 캄프 경기장 (레온),프랑스,소련,C조,C12,1:1,
1986,06.05,16:00,에스타디오 올림피코 우니베르시타리오 (멕시코시티),불가리아,대한민국,A조,A43,1:1,
1986,06.06,12:00,이라푸아토 경기장 (이라푸아토),캐나다,헝가리,C조,C34,0:2,
1986,06.06,12:00,할리스코 경기장 (과달라하라),브라질,알제리,D조,D13,1:0,
1986,06.06,16:00,테크놀로히코 경기장 (몬테레이),모로코,잉글랜드,F조,F32,0:0,
1986,06.07,12:00,에스타디오 아스테카 (멕시코시티),멕시코,파라과이,B조,B12,1:1,
1986,06.07,12:00,트레스 데 마르소 경기장 (사포판),스페인,북아일랜드,D조,D24,2:1,
1986,06.07,16:00,우니베르시타리오 경기장 (산니콜라스데로스가르사),폴란드,포르투갈,F조,F14,1:0,
1986,06.08,12:00,네메시오 디에스 경기장 (톨루카),벨기에,이라크,B조,B43,2:1,
1986,06.08,12:00,라 코레히도라 경기장 (케레타로),서독,스코틀랜드,E조,E14,2:1,
1986,06.08,16:00,네사 86 경기장 (네사우알코요틀),우루과이,덴마크,E조,E23,1:6,
1986,06.09,12:00,누 캄프 경기장 (레온),프랑스,헝가리,C조,C14,3:0,
1986,06.09,12:00,이라푸아토 경기장 (이라푸아토),캐나다,소련,C조,C32,0:2,
1986,06.10,12:00,콰우테모크 경기장 (푸에블라),이탈리아,대한민국,A조,A13,3:2,
1986,06.10,12:00,에스타디오 올림피코 우니베르시타리오 (멕시코시티),아르헨티나,불가리아,A조,A24,2:0,
1986,06.11,12:00,네메시오 디에스 경기장 (톨루카),벨기에,파라과이,B조,B42,2:2,
1986,06.11,12:00,에스타디오 아스테카 (멕시코시티),멕시코,이라크,B조,B13,1:0,
1986,06.11,16:00,우니베르시타리오 경기장 (산니콜라스데로스가르사),폴란드,잉글랜드,F조,F12,0:3,
1986,06.11,16:00,트레스 데 마르소 경기장 (사포판),모로코,포르투갈,F조,F34,3:1,
1986,06.12,12:00,할리스코 경기장 (과달라하라),브라질,북아일랜드,D조,D14,3:0,
1986,06.12,12:00,테크놀로히코 경기장 (몬테레이),스페인,알제리,D조,D23,3:0,
1986,06.13,12:00,라 코레히도라 경기장 (케레타로),서독,덴마크,E조,E13,0:2,
1986,06.13,12:00,네사 86 경기장 (네사우알코요틀),우루과이,스코틀랜드,E조,E24,0:0,
1986,06.15,12:00,에스타디오 아스테카 (멕시코시티),멕시코,불가리아,w49,B1A3,2:0,
1986,06.15,16:00,누 캄프 경기장 (레온),소련,벨기에,w50,C1B3,2:2_1:2,
1986,06.16,12:00,할리스코 경기장 (과달라하라),브라질,폴란드,w51,D1F3,4:0,
1986,06.16,16:00,콰우테모크 경기장 (푸에블라),아르헨티나,우루과이,w52,A1E3,1:0,
1986,06.17,12:00,에스타디오 올림피코 우니베르시타리오 (멕시코시티),이탈리아,프랑스,w53,A2C2,0:2,
1986,06.17,16:00,우니베르시타리오 경기장 (산니콜라스데로스가르사),모로코,서독,w54,F1E2,0:1,
1986,06.18,12:00,에스타디오 아스테카 (멕시코시티),잉글랜드,파라과이,w55,F2B2,3:0,
1986,06.18,16:00,라 코레히도라 경기장 (케레타로),덴마크,스페인,w56,E1D2,1:5,
1986,06.21,12:00,할리스코 경기장 (과달라하라),프랑스,브라질,w57,w53w51,1:1_0:0_4:3,
1986,06.21,16:00,우니베르시타리오 경기장 (산니콜라스데로스가르사),멕시코,서독,w58,w49w54,0:0_0:0_1:4,
1986,06.22,12:00,에스타디오 아스테카 (멕시코시티),아르헨티나,잉글랜드,w59,w52w55,2:1,
1986,06.22,16:00,콰우테모크 경기장 (푸에블라),스페인,벨기에,w60,w56w50,1:1_0:0_4:5,
1986,06.25,16:00,에스타디오 아스테카 (멕시코시티),아르헨티나,벨기에,w61,w59w60,2:0,
1986,06.25,12:00,할리스코 경기장 (과달라하라),프랑스,서독,w62,w57w58,0:2,
1986,06.28,12:00,콰우테모크 경기장 (푸에블라),벨기에,프랑스,w63,L61L62,2:4,
1986,06.29,12:00,에스타디오 아스테카 (멕시코시티),아르헨티나,서독,w64,w61w62,3:2,
1990,06.08,18:00,주세페 메아차 경기장 (밀라노),아르헨티나,카메룬,B조,B12,0:1,
1990,06.09,17:00,산 니콜라 경기장 (바리),소련,루마니아,B조,B43,0:2,
1990,06.09,17:00,레나토 달라라 경기장 (볼로냐),아랍에미맅,콜롬비아,D조,D23,0:2,
1990,06.09,21:00,올림피코 경기장 (로마),이탈리아,오스트리아,A조,A14,1:0,
1990,06.10,17:00,아르테미오 프란키 경기장 (피렌체),미국,체코,A조,A23,1:5,
1990,06.10,21:00,델레 알피 경기장 (토리노),브라질,스웨덴,C조,C13,2:1,
1990,06.10,21:00,주세페 메아차 경기장 (밀라노),서독,유고,D조,D14,4:1,
1990,06.11,17:00,루이지 페라리스 경기장 (제노바),코스타리카,스코틀랜드,C조,C24,1:0,
1990,06.11,21:00,산텔리아 경기장 (칼리아리),잉글랜드,아일랜드,F조,F13,1:1,
1990,06.12,17:00,마르크안토니오 벤테고디 (베로나),벨기에,대한민국,E조,E12,2:0,
1990,06.12,21:00,라 파보리타 경기장 (팔레르모),네덜란드,이집트,F조,F42,1:1,
1990,06.13,17:00,프리울리 경기장 (우디네),우루과이,스페인,E조,E34,0:0,
1990,06.13,21:00,산 파올로 경기장 (나폴리),아르헨티나,소련,B조,B14,2:0,
1990,06.14,17:00,산 니콜라 경기장 (바리),카메룬,루마니아,B조,B23,2:1,
1990,06.14,17:00,레나토 달라라 경기장 (볼로냐),유고,콜롬비아,D조,D43,1:0,
1990,06.14,21:00,올림피코 경기장 (로마),이탈리아,미국,A조,A12,1:0,
1990,06.15,17:00,아르테미오 프란키 경기장 (피렌체),오스트리아,체코,A조,A43,0:1,
1990,06.15,21:00,주세페 메아차 경기장 (밀라노),서독,아랍에미맅,D조,D12,5:1,
1990,06.16,17:00,델레 알피 경기장 (토리노),브라질,코스타리카,C조,C12,1:0,
1990,06.16,21:00,루이지 페라리스 경기장 (제노바),스코틀랜드,스웨덴,C조,C43,2:1,
1990,06.16,21:00,산텔리아 경기장 (칼리아리),잉글랜드,네덜란드,F조,F14,0:0,
1990,06.17,17:00,라 파보리타 경기장 (팔레르모),아일랜드,이집트,F조,F32,0:0,
1990,06.17,21:00,마르크안토니오 벤테고디 (베로나),벨기에,우루과이,E조,E13,3:1,
1990,06.17,21:00,프리울리 경기장 (우디네),대한민국,스페인,E조,E24,1:3,
1990,06.18,21:00,산 파올로 경기장 (나폴리),아르헨티나,루마니아,B조,B13,1:1,
1990,06.18,21:00,산 니콜라 경기장 (바리),카메룬,소련,B조,B24,0:4,
1990,06.19,17:00,주세페 메아차 경기장 (밀라노),서독,콜롬비아,D조,D13,1:1,
1990,06.19,17:00,레나토 달라라 경기장 (볼로냐),유고,아랍에미맅,D조,D42,4:1,
1990,06.19,21:00,아르테미오 프란키 경기장 (피렌체),오스트리아,미국,A조,A42,2:1,
1990,06.20,21:00,올림피코 경기장 (로마),이탈리아,체코,A조,A13,2:0,
1990,06.20,21:00,델레 알피 경기장 (토리노),브라질,스코틀랜드,C조,C14,1:0,
1990,06.20,21:00,루이지 페라리스 경기장 (제노바),스웨덴,코스타리카,C조,C32,1:2,
1990,06.21,17:00,마르크안토니오 벤테고디 (베로나),벨기에,스페인,E조,E14,1:2,
1990,06.21,17:00,프리울리 경기장 (우디네),대한민국,우루과이,E조,E23,0:1,
1990,06.21,21:00,산텔리아 경기장 (칼리아리),잉글랜드,이집트,F조,F12,1:0,
1990,06.21,21:00,라 파보리타 경기장 (팔레르모),네덜란드,아일랜드,F조,F43,1:1,
1990,06.23,17:00,산 파올로 경기장 (나폴리),카메룬,콜롬비아,w49,B1D3,0:0_2:1,
1990,06.23,21:00,산 니콜라 경기장 (바리),체코,코스타리카,w50,A2C2,4:1,
1990,06.24,17:00,델레 알피 경기장 (토리노),브라질,아르헨티나,w51,C1B3,0:1,
1990,06.24,21:00,주세페 메아차 경기장 (밀라노),서독,네덜란드,w52,D1F3,2:1,
1990,06.25,17:00,루이지 페라리스 경기장 (제노바),루마니아,아일랜드,w53,B2F2,0:0_0:0_4:5,
1990,06.25,21:00,올림피코 경기장 (로마),이탈리아,우루과이,w54,A1E3,2:0,
1990,06.26,17:00,마르크안토니오 벤테고디 (베로나),스페인,유고,w55,E1D2,1:1_0:1,
1990,06.26,21:00,레나토 달라라 경기장 (볼로냐),잉글랜드,벨기에,w56,F1E2,0:0_1:0,
1990,06.30,17:00,아르테미오 프란키 경기장 (피렌체),아르헨티나,유고,w57,w51w55,0:0_0:0_3:2,
1990,06.30,21:00,올림피코 경기장 (로마),아일랜드,이탈리아,w58,w53w54,0:1,
1990,07.01,17:00,주세페 메아차 경기장 (밀라노),체코,서독,w59,w50w52,0:1,
1990,07.01,21:00,산 파올로 경기장 (나폴리),카메룬,잉글랜드,w60,w49w56,2:2_0:1,
1990,07.03,20:00,산 파올로 경기장 (나폴리),이탈리아,아르헨티나,w61,w58w57,1:1_0:0_3:4,
1990,07.04,20:00,델레 알피 경기장 (토리노),잉글랜드,서독,w62,w60w59,1:1_0:0_3:4,
1990,07.07,20:00,산 니콜라 경기장 (바리),이탈리아,잉글랜드,w63,L61L62,2:1,
1990,07.08,20:00,올림피코 경기장 (로마),아르헨티나,서독,w64,w61w62,0:1,
1994,06.18,05:00,솔저 필드 (시카고),독일,볼리비아,C조,C12,1:0,
1994,06.18,09:30,코튼볼 (댈러스),스페인,대한민국,C조,C34,2:2,
1994,06.19,00:30,폰티액 실버돔 (폰티액),미국,스위스,A조,A14,1:1,
1994,06.19,05:00,자이언츠 스타디움 (이스트러더퍼드),이탈리아,아일랜드,E조,E13,0:1,
1994,06.19,11:30,로즈 볼 (패서디나),콜롬비아,루마니아,A조,A23,1:3,
1994,06.20,02:30,시트러스 볼 (올랜도),벨기에,모로코,F조,F12,1:0,
1994,06.20,05:00,RFK 스타디움 (워싱턴 D.C.),노르웨이,멕시코,E조,E42,1:0,
1994,06.20,11:30,로즈 볼 (패서디나),카메룬,스웨덴,B조,B24,2:2,
1994,06.21,08:00,스탠퍼드 스타디움 (스탠퍼드),브라질,러시아,B조,B13,2:0,
1994,06.21,08:30,RFK 경기장 (워싱턴 D.C.),네덜란드,사우디,F조,F34,2:1,
1994,06.22,02:30,폭스버러 경기장 (폭스버러),아르헨티나,그리스,D조,D14,4:0,
1994,06.22,06:00,솔저 필드 (시카고),독일,스페인,C조,C13,1:1,
1994,06.22,09:30,코튼볼 (댈러스),나이지리아,불가리아,D조,D23,3:0,
1994,06.23,05:00,폰티액 실버돔 (폰티액),루마니아,스위스,A조,A34,1:4,
1994,06.23,11:30,로즈 볼 (패서디나),미국,콜롬비아,A조,A12,2:1,
1994,06.24,05:00,자이언츠 스타디움 (이스트러더퍼드),이탈리아,노르웨이,E조,E14,1:0,
1994,06.24,09:30,폭스버러 경기장 (폭스버러),대한민국,볼리비아,C조,C42,0:0,
1994,06.25,02:30,시트러스 볼 (올랜도),멕시코,아일랜드,E조,E23,2:1,
1994,06.25,08:00,스탠퍼드 스타디움 (스탠퍼드),브라질,카메룬,B조,B12,3:0,
1994,06.25,08:30,폰티액 실버돔 (폰티액),스웨덴,러시아,B조,B43,3:1,
1994,06.26,01:30,자이언츠 스타디움 (이스트러더퍼드),사우디,모로코,F조,F42,2:1,
1994,06.26,01:30,시트러스 볼 (올랜도),벨기에,네덜란드,F조,F13,1:0,
1994,06.26,06:00,폭스버러 경기장 (폭스버러),아르헨티나,나이지리아,D조,D12,2:1,
1994,06.27,02:30,솔저 필드 (시카고),불가리아,그리스,D조,D34,4:0,
1994,06.27,08:00,스탠퍼드 스타디움 (스탠퍼드),스위스,콜롬비아,A조,A42,0:2,
1994,06.27,08:00,로즈 볼 (패서디나),미국,루마니아,A조,A13,0:1,
1994,06.28,06:00,솔저 필드 (시카고),볼리비아,스페인,C조,C23,1:3,
1994,06.28,06:00,코튼볼 (댈러스),독일,대한민국,C조,C14,3:2,
1994,06.28,19:30,RFK 스타디움 (워싱턴 D.C.),이탈리아,멕시코,E조,E12,1:1,
1994,06.28,19:30,자이언츠 스타디움 (이스트러더퍼드),아일랜드,노르웨이,E조,E34,0:0,
1994,06.29,08:00,폰티액 실버돔 (폰티액),브라질,스웨덴,B조,B14,1:1,
1994,06.29,08:00,스탠퍼드 스타디움 (스탠퍼드),러시아,카메룬,B조,B32,6:1,
1994,06.30,01:30,RFK 경기장 (워싱턴 D.C.),벨기에,사우디,F조,F14,0:1,
1994,06.30,01:30,시트러스 볼 (올랜도),모로코,네덜란드,F조,F23,1:2,
1994,07.01,09:30,코튼볼 (댈러스),아르헨티나,불가리아,D조,D13,0:2,
1994,07.01,09:30,폭스버러 경기장 (폭스버러),그리스,나이지리아,D조,D42,0:2,
1994,07.02,17:30,RFK 경기장 (워싱턴 D.C.),스위스,스페인,w49,A2C2,0:3,
1994,07.03,01:00,솔저 필드 (시카고),독일,벨기에,w50,C1F3,3:2,
1994,07.04,03:00,코튼볼 (댈러스),스웨덴,사우디,w51,B2F2,3:1,
1994,07.04,04:30,로즈 볼 (패서디나),루마니아,아르헨티나,w52,A1D3,3:2,
1994,07.05,01:00,시트러스 볼 (올랜도),네덜란드,아일랜드,w53,F1E2,2:0,
1994,07.05,03:30,스탠퍼드 스타디움 (스탠퍼드),브라질,미국,w54,B1A3,1:0,
1994,07.06,02:00,폭스버러 경기장 (폭스버러),나이지리아,이탈리아,w55,D1E3,1:1_0:1,
1994,07.06,05:30,자이언츠 스타디움 (이스트러더퍼드),멕시코,불가리아,w56,E1D2,1:1_0:0_1:3,
1994,07.10,01:00,폭스버러 경기장 (폭스버러),이탈리아,스페인,w57,w55w49,2:1,
1994,07.10,05:30,코튼볼 (댈러스),네덜란드,브라질,w58,w53w54,2:3,
1994,07.11,01:00,자이언츠 경기장 (이스트러더퍼드),불가리아,독일,w59,w56w50,2:1,
1994,07.11,04:30,스탠퍼드 스타디움 (스탠퍼드),루마니아,스웨덴,w60,w52w51,2:2_0:0_4:5,
1994,07.14,08:30,로즈 볼 (패서디나),스웨덴,브라질,w61,w60w58,0:1,
1994,07.14,05:00,자이언츠 스타디움 (이스트러더퍼드),불가리아,이탈리아,w62,w59w57,1:2,
1994,07.17,04:30,로즈 볼 (패서디나),스웨덴,불가리아,w63,L61L62,4:0,
1994,07.18,04:30,로즈 볼 (패서디나),브라질,이탈리아,w64,w61w62,0:0_0:0_3:2,
1998,06.11,00:30,스타드 드 프랑스 (생드니),브라질,스코틀랜드,A조,A13,2:1,
1998,06.11,04:00,스타드 드 라 모송 (몽펠리에),모로코,노르웨이,A조,A42,2:2,
1998,06.12,00:30,파르크 레스퀴르 (보르도),이탈리아,칠레,B조,B13,2:2,
1998,06.12,04:00,툴루즈 시립 경기장 (툴루즈),카메룬,오스트리아,B조,B42,1:1,
1998,06.12,21:30,스타드 드 라 모송 (몽펠리에),파라과이,불가리아,D조,D32,0:0,
1998,06.13,00:30,스타드 펠릭스 볼라르 (랑스),사우디,덴마크,C조,C32,0:1,
1998,06.13,04:00,스타드 벨로드롬 (마르세유),프랑스,남아공화국,C조,C14,3:0,
1998,06.13,21:30,스타드 드 라 보주아르 (낭트),스페인,나이지리아,D조,D14,2:3,
1998,06.14,00:30,스타드 드 제를랑 (리옹),대한민국,멕시코,E조,E34,1:3,
1998,06.14,04:00,스타드 드 프랑스 (생드니),네덜란드,벨기에,E조,E12,0:0,
1998,06.14,21:30,툴루즈 시립 경기장 (툴루즈),아르헨티나,일본,H조,H13,1:0,
1998,06.15,00:30,스타드 조프루아 기샤르 (생테티엔),유고,이란,F조,F23,1:0,
1998,06.15,04:00,스타드 펠릭스 볼라르 (랑스),자메이카,크로아티아,H조,H42,1:3,
1998,06.15,21:30,스타드 벨로드롬 (마르세유),잉글랜드,튀니지,G조,G24,2:0,
1998,06.16,00:30,스타드 드 제를랑 (리옹),루마니아,콜롬비아,G조,G13,1:0,
1998,06.16,04:00,파르크 데 프랭스 (파리),독일,미국,F조,F14,2:0,
1998,06.17,00:30,파르크 레스퀴르 (보르도),스코틀랜드,노르웨이,A조,A32,1:1,
1998,06.17,04:00,스타드 드 라 보주아르 (낭트),브라질,모로코,A조,A14,3:0,
1998,06.18,00:30,스타드 조프루아 기샤르 (생테티엔),칠레,오스트리아,B조,B32,1:1,
1998,06.18,04:00,스타드 드 라 모송 (몽펠리에),이탈리아,카메룬,B조,B14,3:0,
1998,06.19,00:30,툴루즈 시립 경기장 (툴루즈),남아공화국,덴마크,C조,C42,1:1,
1998,06.19,04:00,스타드 드 프랑스 (생드니),프랑스,사우디,C조,C13,4:0,
1998,06.20,00:30,파르크 데 프랭스 (파리),나이지리아,불가리아,D조,D42,1:0,
1998,06.20,04:00,스타드 조프루아 기샤르 (생테티엔),스페인,파라과이,D조,D13,0:0,
1998,06.20,21:30,스타드 드 라 보주아르 (낭트),일본,크로아티아,H조,H32,0:1,
1998,06.21,00:30,파르크 레스퀴르 (보르도),벨기에,멕시코,E조,E24,2:2,
1998,06.21,04:00,스타드 벨로드롬 (마르세유),네덜란드,대한민국,E조,E13,5:0,
1998,06.21,21:30,스타드 펠릭스 볼라르 (랑스),독일,유고,F조,F12,2:2,
1998,06.22,00:30,파르크 데 프랭스 (파리),아르헨티나,자메이카,H조,H14,5:0,
1998,06.22,04:00,스타드 드 제를랑 (리옹),미국,이란,F조,F43,1:2,
1998,06.23,00:30,스타드 드 라 모송 (몽펠리에),콜롬비아,튀니지,G조,G34,1:0,
1998,06.23,04:00,툴루즈 시립 경기장 (툴루즈),루마니아,잉글랜드,G조,G12,2:1,
1998,06.23,23:00,스타드 드 라 보주아르 (낭트),칠레,카메룬,B조,B34,1:1,
1998,06.23,23:00,스타드 드 프랑스 (생드니),이탈리아,오스트리아,B조,B12,2:1,
1998,06.24,04:00,스타드 조프루아 기샤르 (생테티엔),스코틀랜드,모로코,A조,A34,0:3,
1998,06.24,04:00,스타드 벨로드롬 (마르세유),브라질,노르웨이,A조,A12,1:2,
1998,06.24,23:00,스타드 드 제를랑 (리옹),프랑스,덴마크,C조,C12,2:1,
1998,06.24,23:00,파르크 레스퀴르 (보르도),남아공화국,사우디,C조,C43,2:2,
1998,06.25,04:00,스타드 펠릭스 볼라 르 (랑스),스페인,불가리아,D조,D12,6:1,
1998,06.25,04:00,툴루즈 시립 경기장 (툴루즈),나이지리아,파라과이,D조,D43,1:3,
1998,06.25,23:00,파르크 데 프랭스 (파리),벨기에,대한민국,E조,E23,1:1,
1998,06.25,23:00,스타드 조프루아 기샤르 (생테티엔),네덜란드,멕시코,E조,E14,2:2,
1998,06.26,04:00,스타드 드 라 보주아르 (낭트),미국,유고,F조,F42,0:1,
1998,06.26,04:00,스타드 드 라 모송 (몽펠리에),독일,이란,F조,F13,2:0,
1998,06.26,23:00,스타드 드 제를랑 (리옹),일본,자메이카,H조,H34,1:2,
1998,06.26,23:00,파르크 레스퀴르 (보르도),아르헨티나,크로아티아,H조,H12,1:0,
1998,06.27,04:00,스타드 펠릭스 볼라르 (랑스),콜롬비아,잉글랜드,G조,G32,0:2,
1998,06.27,04:00,스타드 드 프랑스 (생드니),루마니아,튀니지,G조,G14,1:1,
1998,06.27,23:30,스타드 벨로드롬 (마르세유),이탈리아,노르웨이,w49,B1A2,1:0,
1998,06.28,04:00,파르크 데 프랭스 (파리),브라질,칠레,w50,A1B2,4:1,
1998,06.28,23:30,스타드 펠릭스 볼라르 (랑스),프랑스,파라과이,w51,C1D2,0:0_1:0,
1998,06.29,04:00,스타드 드 프랑스 (생드니),나이지리아,덴마크,w52,D1C2,1:4,
1998,06.29,23:30,스타드 드 라 모송 (몽펠리에),독일,멕시코,w53,F1E2,2:1,
1998,06.30,04:00,툴루즈 시립 경기장 (툴루즈),네덜란드,유고,w54,E1F2,2:1,
1998,06.30,23:30,파르크 레스퀴르 (보르도),루마니아,크로아티아,w55,G1H2,0:1,
1998,07.01,04:00,스타드 조프루아 기샤르 (생테티엔),아르헨티나,잉글랜드,w56,H1G2,2:2_0:0_4:3,
1998,07.03,23:30,스타드 드 프랑스 (생드니),이탈리아,프랑스,w57,w49w51,0:0_0:0_3:4,
1998,07.04,04:00,스타드 드 라 보주아르 (낭트),브라질,덴마크,w58,w50w52,3:2,
1998,07.04,23:30,스타드 벨로드롬 (마르세유),네덜란드,아르헨티나,w59,w54w56,2:1,
1998,07.05,04:00,스타드 드 제를랑 (리옹),독일,크로아티아,w60,w53w55,0:3,
1998,07.08,04:00,스타드 벨로드롬 (마르세유),브라질,네덜란드,w61,w58w59,1:1_0:0_4:2,
1998,07.09,04:00,스타드 드 프랑스 (생드니),프랑스,크로아티아,w62,w57w60,2:1,
1998,07.12,04:00,파르크 데 프랭스 (파리),네덜란드,크로아티아,w63,L61L62,1:2,
1998,07.13,04:00,스타드 드 프랑스 (생드니),브라질,프랑스,w64,w61w62,0:3,
2002,05.31,20:30,서울월드컵경기장 (서울),프랑스,세네갈,A조,A14,0:1,
2002,06.01,15:30,니가타 스타디움 (니가타),아일랜드,카메룬,E조,E24,1:1,
2002,06.01,18:00,울산문수축구경기장 (울산),우루과이,덴마크,A조,A32,1:2,
2002,06.01,20:30,삿포로 돔 (삿포로),독일,사우디,E조,E13,8:0,
2002,06.02,14:30,가시마 사커 스타디움 (이바라키),아르헨티나,나이지리아,F조,F14,1:0,
2002,06.02,16:30,아시아드주경기장 (부산),파라과이,남아공화국,B조,B34,2:2,
2002,06.02,18:30,사이타마 스타디움 2002 (사이타마),잉글랜드,스웨덴,F조,F32,1:1,
2002,06.02,20:30,광주월드컵경기장 (광주),스페인,슬로베니아,B조,B12,3:1,
2002,06.03,15:30,니가타 스타디움 (니가타),크로아티아,멕시코,G조,G24,0:1,
2002,06.03,18:00,울산문수축구경기장 (울산),브라질,튀르키예,C조,C12,2:1,
2002,06.03,20:30,삿포로 돔 (삿포로),이탈리아,에콰도르,G조,G13,2:0,
2002,06.04,15:30,광주월드컵경기장 (광주),중국,코스타리카,C조,C34,0:2,
2002,06.04,18:00,사이타마 스타디움 2002 (사이타마),일본,벨기에,H조,H13,2:2,
2002,06.04,20:30,부산아시아드주경기장 (부산),대한민국,폴란드,D조,D13,2:0,
2002,06.05,15:30,고베 윙 스타디움 (고베),러시아,튀니지,H조,H24,2:0,
2002,06.05,18:00,수원월드컵경기장 (수원),미국,포르투갈,D조,D42,3:2,
2002,06.05,20:30,가시마 사커 스타디움 (이바라키),독일,아일랜드,E조,E12,1:1,
2002,06.06,15:30,대구월드컵경기장 (대구),덴마크,세네갈,A조,A24,1:1,
2002,06.06,18:00,사이타마 스타디움 2002 (사이타마),카메룬,사우디,E조,E43,1:0,
2002,06.06,20:30,아시아드주경기장 (부산),프랑스,우루과이,A조,A13,0:0,
2002,06.07,15:30,고베 윙 스타디움 (고베),스웨덴,나이지리아,F조,F24,2:1,
2002,06.07,18:00,전주월드컵경기장 (전주),스페인,파라과이,B조,B13,3:1,
2002,06.07,20:30,삿포로 돔 (삿포로),아르헨티나,잉글랜드,F조,F13,0:1,
2002,06.08,15:30,대구월드컵경기장 (대구),남아공화국,슬로베니아,B조,B42,1:0,
2002,06.08,18:00,가시마 사커 스타디움 (이바라키),이탈리아,크로아티아,G조,G12,1:2,
2002,06.08,20:30,제주월드컵경기장 (서귀포),브라질,중국,C조,C13,4:0,
2002,06.09,15:30,미야기 스타디움 (미야기),멕시코,에콰도르,G조,G43,2:1,
2002,06.09,18:00,인천문학경기장 (인천),코스타리카,튀르키예,C조,C42,1:1,
2002,06.09,20:30,국제 경기장 (요코하마),일본,러시아,H조,H12,1:0,
2002,06.10,15:30,대구월드컵경기장 (대구),대한민국,미국,D조,D14,1:1,
2002,06.10,18:00,오이타 스타디움 (오이타),튀니지,벨기에,H조,H43,1:1,
2002,06.10,20:30,전주월드컵경기장 (전주),포르투갈,폴란드,D조,D23,4:0,
2002,06.11,15:30,수원월드컵경기장 (수원),세네갈,우루과이,A조,A43,3:3,
2002,06.11,15:30,인천문학경기장 (인천),덴마크,프랑스,A조,A21,2:0,
2002,06.11,20:30,시즈오카 스타디움 (시즈오카),카메룬,독일,E조,E41,0:2,
2002,06.11,20:30,국제 경기장 (요코하마),사우디,아일랜드,E조,E32,0:3,
2002,06.12,15:30,미야기 스타디움 (미야기),스웨덴,아르헨티나,F조,F21,1:1,
2002,06.12,15:30,나가이 스타디움 (오사카),나이지리아,잉글랜드,F조,F43,0:0,
2002,06.12,20:30,제주월드컵경기장 (서귀포),슬로베니아,파라과이,B조,B23,1:3,
2002,06.12,20:30,대전월드컵경기장 (대전),남아공화국,스페인,B조,B41,2:3,
2002,06.13,15:30,서울월드컵경기장 (서울),튀르키예,중국,C조,C23,3:0,
2002,06.13,15:30,수원월드컵경기장 (수원),코스타리카,브라질,C조,C41,2:5,
2002,06.13,20:30,국제 경기장 (요코하마),에콰도르,크로아티아,G조,G32,1:0,
2002,06.13,20:30,오이타 스타디움 (오이타),멕시코,이탈리아,G조,G41,1:1,
2002,06.14,15:30,나가이 스타디움 (오사카),튀니지,일본,H조,H41,0:2,
2002,06.14,15:30,시즈오카 스타디움 (시즈오카),벨기에,러시아,H조,H32,3:2,
2002,06.14,20:30,대전월드컵경기장 (대전),폴란드,미국,D조,D34,3:1,
2002,06.14,20:30,인천문학경기장 (인천),포르투갈,대한민국,D조,D21,0:1,
2002,06.15,15:30,제주월드컵경기장 (서귀포),독일,파라과이,w49,E1B2,1:0,
2002,06.15,20:30,니가타 스타디움 (니가타),덴마크,잉글랜드,w50,A1F2,0:3,
2002,06.16,15:30,오이타 스타디움 (오이타),스웨덴,세네갈,w51,F1A2,1:1_0:1,
2002,06.16,20:30,수원월드컵경기장 (수원),스페인,아일랜드,w52,B1E2,1:1_0:0_3:2,
2002,06.17,15:30,전주월드컵경기장 (전주),멕시코,미국,w53,G1D2,0:2,
2002,06.17,20:30,고베 윙 스타디움 (고베),브라질,벨기에,w54,C1H2,2:0,
2002,06.18,15:30,미야기 스타디움 (미야기),일본,튀르키예,w55,H1C2,0:1,
2002,06.18,20:30,대전월드컵경기장 (대전),대한민국,이탈리아,w56,D1G2,1:1_1:0,
2002,06.21,15:30,시즈오카 스타디움 (시즈오카),잉글랜드,브라질,w57,w50w54,1:2,
2002,06.21,20:30,울산문수축구경기장 (울산),독일,미국,w58,w49w53,1:0,
2002,06.22,15:30,광주월드컵경기장 (광주),스페인,대한민국,w59,w52w56,0:0_0:0_3:5,
2002,06.22,20:30,나가이 스타디움 (오사카),세네갈,튀르키예,w60,w51w55,0:0_0:1,
2002,06.25,20:30,서울월드컵경기장 (서울),독일,대한민국,w61,w58w59,1:0,
2002,06.26,20:30,사이타마 스타디움 2002 (사이타마),브라질,튀르키예,w62,w57w60,1:0,
2002,06.29,20:30,대구월드컵경기장 (대구),대한민국,튀르키예,w63,L61L62,2:3,
2002,06.30,20:30,요코하마 국제 종합경기장 (요코하마),독일,브라질,w64,w61w62,0:2,
2006,06.10,01:00,뮌헨 FIFA 월드컵 경기장 (뮌헨),독일,코스타리카,A조,A14,4:2,
2006,06.10,04:00,아레나 아우프샬케 (겔젠키르헨),폴란드,에콰도르,A조,A32,0:2,
2006,06.10,22:00,발트슈타디온 (프랑크푸르트 암 마인),잉글랜드,파라과이,B조,B12,1:0,
2006,06.11,01:00,베스트팔렌슈타디온 (도르트문트),토바고,스웨덴,B조,B43,0:0,
2006,06.11,04:00,폴크스파르크슈타디온 (함부르크),아르헨티나,코트디봐르,C조,C12,2:1,
2006,06.11,22:00,첸트랄슈타디온 (라이프치히),세르비아,네덜란드,C조,C43,0:1,
2006,06.12,01:00,프랑켄슈타디온 (뉘른베르크),멕시코,이란,D조,D14,3:1,
2006,06.12,04:00,뮌게어스도퍼 슈타디온 (쾰른),앙골라,포르투갈,D조,D23,0:1,
2006,06.12,22:00,프리츠 발터 슈타디온 (카이저슬라우테른),호주,일본,F조,F24,3:1,
2006,06.13,01:00,아레나 아우프샬케 (겔젠키르헨),미국,체코,E조,E43,0:3,
2006,06.13,04:00,니더작센슈타디온 (하노버),이탈리아,가나,E조,E12,2:0,
2006,06.13,22:00,발트슈타디온 (프랑크푸르트 암 마인),대한민국,토고,G조,G42,2:1,
2006,06.14,01:00,고틀리프-다임러-슈타디온 (슈투트가르트),프랑스,스위스,G조,G13,0:0,
2006,06.14,04:00,올림피아슈타디온 (베를린),브라질,크로아티아,F조,F13,1:0,
2006,06.14,22:00,첸트랄슈타디온 (라이프치히),스페인,우크라이나,H조,H13,4:0,
2006,06.15,01:00,뮌헨 FIFA 월드컵 경기장 (뮌헨),튀니지,사우디,H조,H24,2:2,
2006,06.15,04:00,베스트팔렌슈타디온 (도르트문트),독일,폴란드,A조,A13,1:0,
2006,06.15,22:00,폴크스파르크슈타디온 (함부르크),에콰도르,코스타리카,A조,A24,3:0,
2006,06.16,01:00,프랑켄슈타디온 (뉘른베르크),잉글랜드,토바고,B조,B14,2:0,
2006,06.16,04:00,올림피아슈타디온 (베를린),스웨덴,파라과이,B조,B32,1:0,
2006,06.16,22:00,아레나 아우프샬케 (겔젠키르헨),아르헨티나,세르비아,C조,C14,6:0,
2006,06.17,01:00,고틀리프-다임러-슈타디온 (슈투트가르트),네덜란드,코트디봐르,C조,C32,2:1,
2006,06.17,04:00,니더작센슈타디온 (하노버),멕시코,앙골라,D조,D12,0:0,
2006,06.17,22:00,발트슈타디온 (프랑크푸르트 암 마인),포르투갈,이란,D조,D34,2:0,
2006,06.18,01:00,뮌게어스도퍼 슈타디온 (쾰른),체코,가나,E조,E32,0:2,
2006,06.18,04:00,프리츠 발터 슈타디온 (카이저슬라우테른),이탈리아,미국,E조,E14,1:1,
2006,06.18,22:00,프랑켄슈타디온 (뉘른베르크),일본,크로아티아,F조,F43,0:0,
2006,06.19,01:00,뮌헨 FIFA 월드컵 경기장 (뮌헨),브라질,호주,F조,F12,2:0,
2006,06.19,04:00,첸트랄슈타디온 (라이프치히),프랑스,대한민국,G조,G14,1:1,
2006,06.19,22:00,베스트팔렌슈타디온 (도르트문트),토고,스위스,G조,G23,0:2,
2006,06.20,01:00,폴크스파르크슈타디온 (함부르크),사우디,우크라이나,H조,H43,0:4,
2006,06.20,04:00,고틀리프-다임러-슈타디온 (슈투트가르트),스페인,튀니지,H조,H12,3:1,
2006,06.20,23:00,니더작센슈타디온 (하노버),코스타리카,폴란드,A조,A43,1:2,
2006,06.20,23:00,올림피아슈타디온 (베를린),에콰도르,독일,A조,A21,0:3,
2006,06.21,04:00,프리츠 발터 슈타디온 (카이저슬라우테른),파라과이,토바고,B조,B24,2:0,
2006,06.21,04:00,뮌게어스도퍼 슈타디온 (쾰른),스웨덴,잉글랜드,B조,B31,2:2,
2006,06.21,23:00,아레나 아우프샬케 (겔젠키르헨),포르투갈,멕시코,D조,D31,2:1,
2006,06.21,23:00,첸트랄슈타디온 (라이프치히),이란,앙골라,D조,D42,1:1,
2006,06.22,04:00,뮌헨 FIFA 월드컵 경기장 (뮌헨),코트디봐르,세르비아,C조,C24,3:2,
2006,06.22,04:00,발트슈타디온 (프랑크푸르트 암 마인),네덜란드,아르헨티나,C조,C31,0:0,
2006,06.22,23:00,폴크스파르크슈타디온 (함부르크),체코,이탈리아,E조,E31,0:2,
2006,06.22,23:00,프랑켄슈타디온 (뉘른베르크),가나,미국,E조,E24,2:1,
2006,06.23,04:00,고틀리프-다임러-슈타디온 (슈투트가르트),크로아티아,호주,F조,F32,2:2,
2006,06.23,04:00,베스트팔렌슈타디온 (도르트문트),일본,브라질,F조,F41,1:4,
2006,06.23,23:00,올림피아슈타디온 (베를린),우크라이나,튀니지,H조,H32,1:0,
2006,06.23,23:00,프리츠 발터 슈타디온 (카이저슬라우테른),사우디,스페인,H조,H41,0:1,
2006,06.24,04:00,뮌게어스도퍼 슈타디온 (쾰른),토고,프랑스,G조,G21,0:2,
2006,06.24,04:00,니더작센슈타디온 (하노버),스위스,대한민국,G조,G34,2:0,
2006,06.25,00:00,뮌헨 FIFA 월드컵 경기장 (뮌헨),독일,스웨덴,w49,A1B2,2:0,
2006,06.25,04:00,첸트랄슈타디온 (라이프치히),아르헨티나,멕시코,w50,C1D2,1:1_1:0,
2006,06.26,00:00,고틀리프-다임러-슈타디온 (슈투트가르트),잉글랜드,에콰도르,w51,B1A2,1:0,
2006,06.26,04:00,프랑켄슈타디온 (뉘른베르크),포르투갈,네덜란드,w52,D1C2,1:0,
2006,06.27,00:00,프리츠 발터 슈타디온 (카이저슬라우테른),이탈리아,호주,w53,E1F2,1:0,
2006,06.27,04:00,뮌게어스도퍼 슈타디온 (쾰른),스위스,우크라이나,w54,G1H2,0:0_0:0_0:3,
2006,06.28,00:00,베스트팔렌슈타디온 (도르트문트),브라질,가나,w55,F1E2,3:0,
2006,06.28,04:00,니더작센슈타디온 (하노버),스페인,프랑스,w56,H1G2,1:3,
2006,07.01,00:00,올림피아슈타디온 (베를린),독일,아르헨티나,w57,w49w50,1:1_0:0_4:2,
2006,07.01,04:00,폴크스파르크슈타디온 (함부르크),이탈리아,우크라이나,w58,w53w54,3:0,
2006,07.02,00:00,아레나 아우프샬케 (겔젠키르헨),잉글랜드,포르투갈,w59,w51w52,0:0_0:0_1:3,
2006,07.02,04:00,발트슈타디온 (프랑크푸르트 암 마인),브라질,프랑스,w60,w55w56,0:1,
2006,07.05,04:00,베스트팔렌슈타디온 (도르트문트),독일,이탈리아,w61,w57w58,0:0_0:2,
2006,07.06,04:00,뮌헨 FIFA 월드컵 경기장 (뮌헨),포르투갈,프랑스,w62,w59w60,0:1,
2006,07.09,04:00,고틀리프-다임러-슈타디온 (슈투트가르트),독일,포르투갈,w63,L61L62,3:1,
2006,07.10,03:00,올림피아슈타디온 (베를린),이탈리아,프랑스,w64,w61w62,1:1_0:0_5:3,
2010,06.11,16:00,요하네스버그 (SC),남아공화국,멕시코,A조,A12,1:1,
2010,06.11,20:30,케이프타운,우루과이,프랑스,A조,A34,0:0,
2010,06.12,13:30,포트엘리자베스,대한민국,그리스,B조,B24,2:0,
2010,06.12,16:00,요하네스버그 (EP),아르헨티나,나이지리아,B조,B13,1:0,
2010,06.12,20:30,루스텐버그,잉글랜드,미국,C조,C12,1:1,
2010,06.13,13:30,폴로콰네,알제리,슬로베니아,C조,C34,0:1,
2010,06.13,16:00,프리토리아,세르비아,가나,D조,D43,0:1,
2010,06.13,20:30,더반,독일,호주,D조,D12,4:0,
2010,06.14,13:30,요하네스버그 (SC),네덜란드,덴마크,E조,E14,2:0,
2010,06.14,16:00,블룸폰테인,일본,카메룬,E조,E23,1:0,
2010,06.14,20:30,케이프타운,이탈리아,파라과이,F조,F13,1:1,
2010,06.15,13:30,루스텐버그,뉴질랜드,슬로바키아,F조,F24,1:1,
2010,06.15,16:00,포트엘리자베스,코트디봐르,포르투갈,G조,G34,0:0,
2010,06.15,20:30,요하네스버그 (EP),브라질,북한,G조,G12,2:1,
2010,06.16,13:30,넬스프루트,온두라스,칠레,H조,H23,0:1,
2010,06.16,16:00,더반,스페인,스위스,H조,H14,0:1,
2010,06.16,20:30,프리토리아,남아공화국,우루과이,A조,A13,0:3,
2010,06.17,13:30,요하네스버그 (SC),아르헨티나,대한민국,B조,B12,4:1,
2010,06.17,16:00,블룸폰테인,그리스,나이지리아,B조,B43,2:1,
2010,06.17,20:30,폴로콰네,프랑스,멕시코,A조,A42,0:2,
2010,06.18,13:30,포트엘리자베스,독일,세르비아,D조,D14,0:1,
2010,06.18,16:00,요하네스버그 (EP),슬로베니아,미국,C조,C42,2:2,
2010,06.18,20:30,케이프타운,잉글랜드,알제리,C조,C13,0:0,
2010,06.19,13:30,더반,네덜란드,일본,E조,E12,1:0,
2010,06.19,16:00,루스텐버그,가나,호주,D조,D32,1:1,
2010,06.19,20:30,프리토리아,카메룬,덴마크,E조,E34,1:2,
2010,06.20,13:30,블룸폰테인,슬로바키아,파라과이,F조,F43,0:2,
2010,06.20,16:00,넬스프루트,이탈리아,뉴질랜드,F조,F12,1:1,
2010,06.20,20:30,요하네스버그 (SC),브라질,코트디봐르,G조,G13,3:1,
2010,06.21,13:30,케이프타운,포르투갈,북한,G조,G42,7:0,
2010,06.21,16:00,포트엘리자베스,칠레,스위스,H조,H34,1:0,
2010,06.21,20:30,요하네스버그 (EP),스페인,온두라스,H조,H12,2:0,
2010,06.22,16:00,루스텐버그,멕시코,우루과이,A조,A23,0:1,
2010,06.22,16:00,블룸폰테인,프랑스,남아공화국,A조,A41,1:2,
2010,06.22,20:30,더반,나이지리아,대한민국,B조,B32,2:2,
2010,06.22,20:30,폴로콰네,그리스,아르헨티나,B조,B41,0:2,
2010,06.23,16:00,포트엘리자베스,슬로베니아,잉글랜드,C조,C41,0:1,
2010,06.23,16:00,프리토리아,미국,알제리,C조,C23,1:0,
2010,06.23,20:30,요하네스버그 (SC),가나,독일,D조,D31,0:1,
2010,06.23,20:30,넬스프루트,호주,세르비아,D조,D24,2:1,
2010,06.24,16:00,요하네스버그 (EP),슬로바키아,이탈리아,F조,F41,3:2,
2010,06.24,16:00,폴로콰네,파라과이,뉴질랜드,F조,F32,0:0,
2010,06.24,20:30,루스텐버그,덴마크,일본,E조,E42,1:3,
2010,06.24,20:30,케이프타운,카메룬,네덜란드,E조,E31,1:2,
2010,06.25,16:00,더반,포르투갈,브라질,G조,G41,0:0,
2010,06.25,16:00,넬스프루트,북한,코트디봐르,G조,G23,0:3,
2010,06.25,20:30,프리토리아,칠레,스페인,H조,H31,1:2,
2010,06.25,20:30,블룸폰테인,스위스,온두라스,H조,H42,0:0,
2010,06.26,16:00,포트엘리자베스,우루과이,대한민국,w49,A1B2,2:1,
2010,06.26,20:30,루스텐버그,미국,가나,w50,C1D2,1:1_0:1,
2010,06.27,16:00,블룸폰테인,독일,잉글랜드,w51,D1C2,4:1,
2010,06.27,20:30,요하네스버그 (SC),아르헨티나,멕시코,w52,B1A2,3:1,
2010,06.28,16:00,더반,네덜란드,슬로바키아,w53,E1F2,2:1,
2010,06.28,20:30,요하네스버그 (EP),브라질,칠레,w54,G1H2,3:0,
2010,06.29,16:00,프리토리아,파라과이,일본,w55,F1E2,0:0_0:0_5:3,
2010,06.29,20:30,케이프타운,스페인,포르투갈,w56,H1G2,1:0,
2010,07.02,16:00,포트엘리자베스,네덜란드,브라질,w57,w53w54,2:1,
2010,07.02,20:30,요하네스버그 (SC),우루과이,가나,w58,w49w50,1:1_0:0_4:2,
2010,07.03,16:00,케이프타운,아르헨티나,독일,w59,w52w51,0:4,
2010,07.03,20:30,요하네스버그 (EP),파라과이,스페인,w60,w55w56,0:1,
2010,07.06,20:30,케이프타운,우루과이,네덜란드,w61,w58w57,2:3,
2010,07.07,20:30,더반,독일,스페인,w62,w59w60,0:1,
2010,07.10,20:30,포트엘리자베스,우루과이,독일,w63,L61L62,2:3,
2010,07.11,20:30,요하네스버그 (SC),네덜란드,스페인,w64,w61w62,0:0_0:1,
2014,06.13,05:00,아레나 코린치앙스 (상파울루),브라질,크로아티아,A조,A14,3:1,
2014,06.14,01:00,아레나 다스 두나스 (나타우),멕시코,카메룬,A조,A32,1:0,
2014,06.14,04:00,아레나 폰치 노바 (사우바도르),스페인,네덜란드,B조,B14,1:5,
2014,06.14,07:00,아레나 판타나우 (쿠이아바),칠레,호주,B조,B23,3:1,
2014,06.15,01:00,미네이랑 (벨루 오리존치),콜롬비아,그리스,C조,C14,3:0,
2014,06.15,04:00,아레나 페르남부쿠 (헤시피),코트디봐르,일본,C조,C23,2:1,
2014,06.15,07:00,카스텔랑 (포르탈레자),우루과이,코스타리카,D조,D13,1:3,
2014,06.15,10:00,아레나 아마조니아 (마나우스),잉글랜드,이탈리아,D조,D42,1:2,
2014,06.16,01:00,이스타지우 마네 가힌샤 (브라질리아),스위스,에콰도르,E조,E12,2:1,
2014,06.16,04:00,이스타지우 베이라-히우 (포르투 알레그리),프랑스,온두라스,E조,E43,3:0,
2014,06.16,07:00,이스타지우 두 마라카낭 (히우 지 자네이루),아르헨티나,보스니아,F조,F14,2:1,
2014,06.17,01:00,아레나 폰치 노바 (사우바도르),독일,포르투갈,G조,G14,4:0,
2014,06.17,04:00,아레나 다 바이샤다 (쿠리치바),이란,나이지리아,F조,F32,0:0,
2014,06.17,07:00,아레나 다스 두나스 (나타우),가나,미국,G조,G23,1:2,
2014,06.18,01:00,미네이랑 (벨루 오리존치),벨기에,알제리,H조,H12,2:1,
2014,06.18,04:00,카스텔랑 (포르탈레자),브라질,멕시코,A조,A13,0:0,
2014,06.18,07:00,아레나 판타나우 (쿠이아바),러시아,대한민국,H조,H43,1:1,
2014,06.19,01:00,이스타지우 베이라-히우 (포르투 알레그리),호주,네덜란드,B조,B34,2:3,
2014,06.19,04:00,이스타지우 두 마라카낭 (히우 지 자네이루),스페인,칠레,B조,B12,0:2,
2014,06.19,07:00,아레나 아마조니아 (마나우스),카메룬,크로아티아,A조,A24,0:4,
2014,06.20,01:00,이스타지우 마네 가힌샤 (브라질리아),콜롬비아,코트디봐르,C조,C12,2:1,
2014,06.20,04:00,아레나 코린치앙스 (상파울루),우루과이,잉글랜드,D조,D14,2:1,
2014,06.20,07:00,아레나 다스 두나스 (나타우),일본,그리스,C조,C34,0:0,
2014,06.21,01:00,아레나 페르남부쿠 (헤시피),이탈리아,코스타리카,D조,D23,0:1,
2014,06.21,04:00,아레나 폰치 노바 (사우바도르),스위스,프랑스,E조,E14,2:5,
2014,06.21,07:00,아레나 다 바이샤다 (쿠리치바),온두라스,에콰도르,E조,E32,1:2,
2014,06.22,01:00,미네이랑 (벨루 오리존치),아르헨티나,이란,F조,F13,1:0,
2014,06.22,04:00,카스텔랑 (포르탈레자),독일,가나,G조,G12,2:2,
2014,06.22,06:00,아레나 판타나우 (쿠이아바),나이지리아,보스니아,F조,F24,1:0,
2014,06.23,01:00,이스타지우 두 마라카낭 (히우 지 자네이루),벨기에,러시아,H조,H14,1:0,
2014,06.23,04:00,이스타지우 베이라-히우 (포르투 알레그리),대한민국,알제리,H조,H32,2:4,
2014,06.23,07:00,아레나 아마조니아 (마나우스),미국,포르투갈,G조,G34,2:2,
2014,06.24,01:00,아레나 다 바이샤다 (쿠리치바),호주,스페인,B조,B31,0:3,
2014,06.24,01:00,아레나 코린치앙스 (상파울루),네덜란드,칠레,B조,B42,2:0,
2014,06.24,05:00,이스타지우 마네 가힌샤 (브라질리아),카메룬,브라질,A조,A21,1:4,
2014,06.24,05:00,아레나 페르남부쿠 (헤시피),크로아티아,멕시코,A조,A43,1:3,
2014,06.25,01:00,아레나 다스 두나스 (나타우),이탈리아,우루과이,D조,D21,0:1,
2014,06.25,01:00,미네이랑 (벨루 오리존치),코스타리카,잉글랜드,D조,D34,0:0,
2014,06.25,04:00,아레나 판타나우 (쿠이아바),일본,콜롬비아,C조,C31,1:4,
2014,06.25,05:00,카스텔랑 (포르탈레자),그리스,코트디봐르,C조,C42,2:1,
2014,06.26,01:00,이스타지우 베이라-히우 (포르투 알레그리),나이지리아,아르헨티나,F조,F21,2:3,
2014,06.26,01:00,아레나 폰치 노바 (사우바도르),보스니아,이란,F조,F43,3:1,
2014,06.26,04:00,아레나 아마조니아 (마나우스),온두라스,스위스,E조,E31,0:3,
2014,06.26,05:00,이스타지우 두 마라카낭 (히우 지 자네이루),에콰도르,프랑스,E조,E24,0:0,
2014,06.27,01:00,아레나 페르남부쿠 (헤시피),미국,독일,G조,G31,0:1,
2014,06.27,01:00,이스타지우 마네 가힌샤 (브라질리아),포르투갈,가나,G조,G42,2:1,
2014,06.27,05:00,아레나 코린치앙스 (상파울루),대한민국,벨기에,H조,H31,0:1,
2014,06.27,05:00,아레나 다 바이샤다 (쿠리치바),알제리,러시아,H조,H24,1:1,
2014,06.29,01:00,미네이랑 (벨루 오리존치),브라질,칠레,w49,A1B2,1:1_0:0_3:2,
2014,06.29,05:00,이스타지우 두 마라카낭 (히우 지 자네이루),콜롬비아,우루과이,w50,C1D2,2:0,
2014,06.30,01:00,카스텔랑 (포르탈레자),네덜란드,멕시코,w51,B1A2,2:1,
2014,06.30,05:00,아레나 페르남부쿠 (헤시피),코스타리카,그리스,w52,D1C2,1:1_0:0_5:3,
2014,07.01,01:00,이스타지우 마네 가힌샤 (브라질리아),프랑스,나이지리아,w53,E1F2,2:0,
2014,07.01,05:00,이스타지우 베이라-히우 (포르투 알레그리),독일,알제리,w54,G1H2,0:0_2:1,
2014,07.02,01:00,아레나 코린치앙스 (상파울루),아르헨티나,스위스,w55,F1E2,0:0_1:0,
2014,07.02,05:00,아레나 폰치 노바 (사우바도르),벨기에,미국,w56,H1G2,0:0_2:1,
2014,07.05,01:00,카스텔랑 (포르탈레자),브라질,콜롬비아,w57,w49w50,2:1,
2014,07.05,05:00,이스타지우 두 마라카낭 (히우 지 자네이루),프랑스,독일,w58,w53w54,0:1,
2014,07.06,01:00,아레나 폰치 노바 (사우바도르),네덜란드,코스타리카,w59,w55w56,0:0_0:0_4:3,
2014,07.06,05:00,이스타지우 마네 가힌샤 (브라질리아),아르헨티나,벨기에,w60,w51w52,1:0,
2014,07.09,05:00,미네이랑 (벨루 오리존치),브라질,독일,w61,w57w58,1:7,
2014,07.10,05:00,아레나 코린치앙스 (상파울루),네덜란드,아르헨티나,w62,w60w59,0:0_0:0_2:4,
2014,07.13,05:00,이스타지우 마네 가힌샤 (브라질리아),브라질,네덜란드,w63,L61L62,0:3,
2014,07.14,04:00,이스타지우 두 마라카낭 (히우 지 자네이루),독일,아르헨티나,w64,w61w62,0:0_1:0,
2018,06.14,18:00,루즈니키 스타디움,러시아,사우디,A조,A14,5:0,1:1
2018,06.15,17:00,예카테린부르크 중앙경기장,이집트,우루과이,A조,A32,0:1,2:0
2018,06.15,18:00,크레스톱스키 스타디움,모로코,이란,B조,B43,0:1,1:3
2018,06.15,21:00,피시트 올림픽 스타디움,포르투갈,스페인,B조,B12,3:3,1:1
2018,06.16,13:00,카잔 아레나,프랑스,호주,C조,C14,2:1,1:3
2018,06.16,19:00,모르도비야 아레나,페루,덴마크,C조,C23,0:1,1:2
2018,06.16,16:00,옷크리티예 아레나,아르헨티나,아이슬란드,D조,D13,1:1,0:0
2018,06.16,21:00,칼리닌그라드 스타디움,크로아티아,나이지리아,D조,D24,2:0,2:1
2018,06.17,16:00,사마라 아레나,코스타리카,세르비아,E조,E34,0:1,2:2
2018,06.17,21:00,로스토프 아레나,브라질,스위스,E조,E12,1:1,1:3
2018,06.17,18:00,루즈니키 스타디움,독일,멕시코,F조,F12,0:1,2:2
2018,06.18,15:00,니즈니노브고로드 스타디움,스웨덴,대한민국,F조,F34,1:0,1:2
2018,06.18,18:00,피시트 올림픽 스타디움,벨기에,파나마,G조,G14,3:0,3:5
2018,06.18,21:00,볼고그라드 아레나,튀니지,잉글랜드,G조,G32,1:2,0:1
2018,06.19,15:00,모르도비아 아레나,콜롬비아,일본,H조,H24,1:2,2:1
2018,06.19,18:00,옷크리티예 아레나,폴란드,세네갈,H조,H13,1:2,1:2
2018,06.19,21:00,크레스톱스키 스타디움,러시아,이집트,A조,A13,3:1,1:1
2018,06.20,18:00,로스토프 아레나,우루과이,사우디,A조,A24,1:0,0:0
2018,06.20,15:00,루즈니키 경기장,포르투갈,모로코,B조,B14,1:0,1:1
2018,06.20,21:00,카잔 아레나,이란,스페인,B조,B32,0:1,2:0
2018,06.21,16:00,사마라 아레나,덴마크,호주,C조,C34,1:1,2:0
2018,06.21,20:00,예카테린부르크 중앙경기장,프랑스,페루,C조,C12,1:0,2:2
2018,06.21,21:00,니즈니노브고로드 스타디움,아르헨티나,크로아티아,D조,D12,0:3,3:4
2018,06.22,18:00,볼고그라드 아레나,나이지리아,아이슬란드,D조,D43,2:0,1:0
2018,06.22,15:00,크레스톱스키 스타디움,브라질,코스타리카,E조,E13,2:0,2:1
2018,06.22,20:00,칼리닌그라드 스타디움,세르비아,스위스,E조,E42,1:2,4:1
2018,06.23,18:00,로스토프 아레나,대한민국,멕시코,F조,F42,1:2,4:0
2018,06.23,21:00,피시트 올림픽 스타디움,독일,스웨덴,F조,F13,2:1,2:2
2018,06.23,15:00,옷크리티예 아레나,벨기에,튀니지,G조,G13,5:2,0:1
2018,06.24,15:00,니즈니노브고로드 스타디움,잉글랜드,파나마,G조,G24,6:1,1:3
2018,06.24,20:00,예카테린부르크 중앙경기장,일본,세네갈,H조,H43,2:2,2:3
2018,06.24,21:00,카잔 아레나,폴란드,콜롬비아,H조,H12,0:3,2:0
2018,06.25,18:00,사마라 아레나,우루과이,러시아,A조,A21,3:0,1:3
2018,06.25,17:00,볼고그라드 아레나,사우디,이집트,A조,A43,2:1,0:2
2018,06.25,21:00,모르도비아 아레나,이란,포르투갈,B조,B31,1:1,2:4
2018,06.25,20:00,칼리닌그라드 스타디움,스페인,모로코,B조,B24,2:2,0:6
2018,06.26,17:00,루즈니키 스타디움,덴마크,프랑스,C조,C31,0:0,1:0
2018,06.26,17:00,피시트 올림픽 스타디움,호주,페루,C조,C42,0:2,4:2
2018,06.26,21:00,크레스톱스키 스타디움,나이지리아,아르헨티나,D조,D41,1:2,2:3
2018,06.26,21:00,로스토프 아레나,아이슬란드,크로아티아,D조,D32,1:2,3:2
2018,06.27,21:00,옷크리티예 아레나,세르비아,브라질,E조,E41,0:2,3:0
2018,06.27,21:00,니즈니노브고로드 스타디움,스위스,코스타리카,E조,E23,2:2,3:3
2018,06.27,17:00,카잔 아레나,대한민국,독일,F조,F41,2:0,4:0
2018,06.27,19:00,예카테린부르크 중앙경기장,멕시코,스웨덴,F조,F23,0:3,3:2
2018,06.28,20:00,칼리닌그라드 스타디움,잉글랜드,벨기에,G조,G21,0:1,0:2
2018,06.28,21:00,모르도비아 아레나,파나마,튀니지,G조,G43,1:2,2:3
2018,06.28,17:00,볼고그라드 아레나,일본,폴란드,H조,H41,0:1,1:0
2018,06.28,18:00,사마라 아레나,세네갈,콜롬비아,H조,H32,0:1,1:1
2018,06.30,17:00,카잔 아레나,프랑스,아르헨티나,w49,C1D2,4:3,
2018,06.30,21:00,피시트 올림픽 스타디움,우루과이,포르투갈,w50,A1B2,2:1,
2018,07.01,17:00,루즈니키 스타디움,스페인,러시아,w51,B1A2,1:1_0:0_3:4,
2018,07.01,21:00,니즈니노브고로드 스타디움,크로아티아,덴마크,w52,D1C2,1:1_0:0_3:2,
2018,07.02,18:00,사마라 아레나,브라질,멕시코,w53,E1F2,2:0,
2018,07.02,21:00,로스토프 아레나,벨기에,일본,w54,G1H2,3:2,
2018,07.03,17:00,크레스톱스키 스타디움,스웨덴,스위스,w55,F1E2,1:0,
2018,07.03,21:00,옷크리티예 아레나,콜롬비아,잉글랜드,w56,H1G2,1:1_0:0_3:4,
2018,07.06,17:00,니즈니노브고로드 스타디움,우루과이,프랑스,w57,w50w49,0:2,
2018,07.06,21:00,카잔 아레나,브라질,벨기에,w58,w53w54,1:2,
2018,07.07,18:00,사마라 아레나,스웨덴,잉글랜드,w59,w55w56,0:2,
2018,07.07,21:00,피시트 올림픽 스타디움,러시아,크로아티아,w60,w51w52,1:1_1:1_3:4,
2018,07.10,21:00,크레스톱스키 스타디움,프랑스,벨기에,w61,w57w58,1:0,
2018,07.11,21:00,루즈니키 스타디움,크로아티아,잉글랜드,w62,w60w59,1:1_1:0,
2018,07.14,17:00,크레스톱스키 스타디움,벨기에,잉글랜드,w63,L61L62,2:0,
2018,07.15,18:00,루즈니키 스타디움,프랑스,크로아티아,w64,w61w62,4:2,
2022,11.21,01:00,알 베이트 스타디움,카타르,에콰도르,A조,A14,0:2,4:2
2022,11.21,22:00,칼리파 인터내셔널 스타디움,잉글랜드,이란,B조,B13,6:2,0:2
2022,11.22,01:00,알 투마마 스타디움,세네갈,네덜란드,A조,A32,0:2,2:1
2022,11.22,04:00,아흐메드 빈 알리 스타디움,미국,웨일스,B조,B24,1:1,4:2
2022,11.22,19:00,루사일 아이코닉 스타디움,아르헨티나,사우디,C조,C14,1:2,0:6
2022,11.22,22:00,에듀케이션 시티 스타디움,덴마크,튀니지,D조,D23,0:0,2:1
2022,11.23,01:00,스타디움 974,멕시코,폴란드,C조,C23,0:0,2:1
2022,11.23,04:00,알 자누브 스타디움,프랑스,호주,D조,D14,4:1,0:3
2022,11.23,19:00,알 베이트 스타디움,모로코,크로아티아,F조,F32,0:0,1:0
2022,11.23,22:00,칼리파 인터내셔널 스타디움,독일,일본,E조,E23,1:2,0:0
2022,11.24,01:00,알 투마마 스타디움,스페인,코스타리카,E조,E14,7:0,0:2
2022,11.24,04:00,아흐메드 빈 알리 스타디움,벨기에,캐나다,F조,F14,1:0,3:2
2022,11.24,19:00,알 자누브 스타디움,스위스,카메룬,G조,G24,1:0,2:1
2022,11.24,22:00,에듀케이션 시티 스타디움,우루과이,대한민국,H조,H23,0:0,1:1
2022,11.25,01:00,스타디움 974,포르투갈,가나,H조,H14,3:2,2:4
2022,11.25,04:00,루사일 아이코닉 스타디움,브라질,세르비아,G조,G13,2:0,0:3
2022,11.25,19:00,아흐메드 빈 알리 스타디움,웨일스,이란,B조,B43,0:2,2:2
2022,11.25,22:00,알 투마마 스타디움,카타르,세네갈,A조,A13,1:3,3:3
2022,11.26,01:00,칼리파 인터내셔널 스타디움,네덜란드,에콰도르,A조,A24,1:1,0:1
2022,11.26,04:00,알 베이트 스타디움,잉글랜드,미국,B조,B12,0:0,0:0
2022,11.26,19:00,알 자누브 스타디움,튀니지,호주,D조,D34,0:1,3:0
2022,11.26,22:00,에듀케이션 시티 스타디움,폴란드,사우디,C조,C34,2:0,3:2
2022,11.27,01:00,스타디움 974,프랑스,덴마크,D조,D12,2:1,1:2
2022,11.27,04:00,루사일 아이코닉 스타디움,아르헨티나,멕시코,C조,C12,2:0,1:4
2022,11.27,19:00,아흐메드 빈 알리 스타디움,일본,코스타리카,E조,E34,0:1,3:3
2022,11.27,22:00,알 투마마 스타디움,벨기에,모로코,F조,F13,0:2,1:1
2022,11.28,01:00,칼리파 인터내셔널 스타디움,크로아티아,캐나다,F조,F24,4:1,2:2
2022,11.28,04:00,알 베이트 스타디움,스페인,독일,E조,E12,1:1,1:3
2022,11.28,19:00,알 자누브 스타디움,카메룬,세르비아,G조,G43,3:3,2:2
2022,11.28,22:00,에듀케이션 시티 스타디움,대한민국,가나,H조,H34,2:3,2:2
2022,11.29,01:00,스타디움 974,브라질,스위스,G조,G12,1:0,1:1
2022,11.29,04:00,루사일 아이코닉 스타디움,포르투갈,우루과이,H조,H12,2:0,3:2
2022,11.30,00:00,알 베이트 스타디움,네덜란드,카타르,A조,A21,2:0,1:0
2022,11.30,00:00,칼리파 인터내셔널 스타디움,에콰도르,세네갈,A조,A43,1:2,0:1
2022,11.30,04:00,아흐메드 빈 알리 스타디움,웨일스,잉글랜드,B조,B41,0:3,2:0
2022,11.30,04:00,알 투마마 스타디움,이란,미국,B조,B32,0:1,3:1
2022,12.01,00:00,에듀케이션 시티 스타디움,튀니지,프랑스,D조,D31,1:0,1:0
2022,12.01,00:00,알 자누브 스타디움,호주,덴마크,D조,D42,1:0,2:1
2022,12.01,04:00,스타디움 974,폴란드,아르헨티나,C조,C31,0:2,1:1
2022,12.01,04:00,루사일 아이코닉 스타디움,사우디,멕시코,C조,C42,1:2,6:1
2022,12.02,00:00,아흐메드 빈 알리 스타디움,크로아티아,벨기에,F조,F21,0:0,0:1
2022,12.02,00:00,알 투마마 스타디움,캐나다,모로코,F조,F43,1:2,4:0
2022,12.02,04:00,칼리파 인터내셔널 스타디움,일본,스페인,E조,E31,2:1,3:0
2022,12.02,04:00,알 베이트 스타디움,코스타리카,독일,E조,E42,2:4,1:0
2022,12.03,00:00,에듀케이션 시티 스타디움,대한민국,포르투갈,H조,H31,2:1,2:0
2022,12.03,00:00,알 자누브 스타디움,가나,우루과이,H조,H42,0:2,2:5
2022,12.03,04:00,루사일 아이코닉 스타디움,카메룬,브라질,G조,G41,1:0,5:2
2022,12.03,04:00,스타디움 974,세르비아,스위스,G조,G32,2:3,7:4
2022,12.04,00:00,칼리파 인터내셔널 스타디움,네덜란드,미국,w49,A1B2,3:1,2:0
2022,12.04,04:00,아흐메드 빈 알리 스타디움,아르헨티나,호주,w50,C1D2,2:1,0:2
2022,12.05,00:00,알 투마마 스타디움,프랑스,폴란드,w51,D1C2,3:1,1:2
2022,12.05,04:00,알 베이트 스타디움,잉글랜드,세네갈,w52,B1A2,3:0,0:1
2022,12.06,00:00,알 자누브 스타디움,일본,크로아티아,w53,E1F2,1:1_0:0_1:3,0:2
2022,12.06,04:00,스타디움 974,브라질,대한민국,w54,G1H2,4:1,0:1
2022,12.07,00:00,에듀케이션 시티 스타디움,모로코,스페인,w55,F1E2,0:0_0:0_3:0,1:1
2022,12.07,04:00,루사일 아이코닉 스타디움,포르투갈,스위스,w56,H1G2,6:1,0:2
2022,12.10,00:00,에듀케이션 시티 스타디움,크로아티아,브라질,w57,w53w54,0:0_1:1_4:2,2:3
2022,12.10,04:00,루사일 아이코닉 스타디움,네덜란드,아르헨티나,w58,w49w50,2:2_0:0_3:4,6:8
2022,12.11,00:00,알 투마마 스타디움,모로코,포르투갈,w59,w55w56,1:0,3:1
2022,12.11,04:00,알 베이트 스타디움,프랑스,잉글랜드,w60,w51w52,2:1,3:1
2022,12.14,04:00,루사일 아이코닉 스타디움,아르헨티나,크로아티아,w61,w58w57,3:0,2:2
2022,12.15,04:00,알 베이트 스타디움,프랑스,모로코,w62,w60w59,2:0,0:1
2022,12.18,00:00,칼리파 인터내셔널 스타디움,크로아티아,모로코,w63,L61L62,2:1,0:2
2022,12.19,00:00,루사일 아이코닉 스타디움,아르헨티나,프랑스,w64,w61w62,2:2_1:1_4:2,5:3